0.0,1.0077854,0.83522666,0.8279314,0.9639086,0.89987326,0.93088293,0.65896845,0.77620316,0.860506,0.88881516,0.94193965,0.9800889,0.9056777,0.80278194,0.9702747,0.87901247,1.014646,0.8953887,0.7403167,0.9559468,0.81946725,0.77399147,0.98650885,0.8355882,0.7703701,0.9096589,0.96693337,0.9350649,0.895094,0.89999175,1.0434936,0.9423229,0.8695973,0.77425736,0.7966422,0.8584652,0.782055,0.94443846,0.872671,0.8374939,0.9035084,0.88537043,0.88441443,0.86453474,0.6966424,0.8140787,0.7530668,1.029334,1.0127822
1.0077854,0.0,0.94990414,0.89264023,0.8574585,0.81970644,0.8449835,0.8512799,0.82355106,0.7372966,0.860968,0.69003785,0.7218034,0.8038336,0.7906668,0.9291165,0.76108885,0.85128075,0.8074929,0.9659987,1.0307506,0.8961892,0.79745495,0.8117954,0.792845,0.99469286,0.8226441,0.88251776,0.9994146,0.9242995,0.82009125,0.97424614,0.7552029,0.835086,0.6407749,0.778942,1.026713,1.0147535,0.72443855,0.7551333,0.8531922,0.9442812,0.7882492,0.8112215,0.8805172,1.0150265,0.9679491,0.84595543,0.94452846,0.8202477
0.83522666,0.94990414,0.0,0.90273917,0.9295933,0.8375736,0.9211304,0.85616434,0.89613736,0.75849515,0.95296144,0.90638983,0.8018115,0.93139875,0.7407586,0.9467748,0.8828765,0.95055413,0.82102466,0.5893615,1.0171472,0.86123264,0.88096017,0.9504408,0.58029366,0.87687683,0.87093794,1.0395563,0.87165505,0.91969377,0.92171013,1.0349189,0.92667687,0.9463431,0.79156035,0.92116755,0.93079,0.7608715,0.97119266,0.90554655,0.8013569,0.93201613,0.917094,0.8343859,0.8314539,0.8730607,0.7948093,0.57490987,0.96057844,1.000341
0.8279314,0.89264023,0.90273917,0.0,0.78984094,0.8722531,0.81629384,0.8301593,0.838505,0.79418945,0.82582635,0.846009,0.80328435,0.8502925,0.571529,0.8904558,0.8691254,0.8184097,0.8259643,0.7764065,0.877509,0.78320855,0.8735226,0.895926,0.8527743,0.88401115,0.62832874,0.8256269,0.98408866,0.9497733,0.7707987,1.0002438,0.92741233,0.8310749,0.79604447,0.65598583,0.92596465,0.8811086,0.96632856,0.6560667,0.90137774,0.87012255,0.8917077,0.88967496,0.8821872,1.0271374,0.82521564,0.88361984,0.9946543,0.95605093
0.9639086,0.8574585,0.9295933,0.78984094,0.0,0.91288805,1.0149496,0.95078444,0.9830031,0.768153,0.9693657,0.529577,0.70779395,0.9518138,0.9276177,0.81457245,0.66190827,0.46906066,0.8913749,1.0392145,1.0708783,0.8998692,0.92508495,0.74730587,0.87456787,1.0114217,0.90480834,0.93490106,0.9309491,0.95378935,0.5495609,1.006138,0.8685466,0.82134473,0.7966132,0.7296871,0.9795353,0.9581056,0.8054929,0.8914537,0.90197635,0.98694855,1.0008918,1.0036194,1.0014465,1.026337,0.9919081,0.9519553,0.73857504,0.9335073
0.89987326,0.81970644,0.8375736,0.8722531,0.91288805,5.9604645e-08,0.89557856,0.7005645,0.9492731,0.7906806,0.8739946,0.69378185,0.83563364,0.8507959,0.6666801,0.8715507,0.81548685,0.8456005,0.94456464,0.8745153,0.85303175,0.840598,0.75255966,0.81703794,0.7635268,0.8192384,0.8795949,0.8410693,0.8782846,0.86894864,0.7657955,0.8736323,0.83604485,0.9971495,0.75427234,0.6924141,0.7760345,0.9830563,0.8562056,0.718433,0.8485113,0.9508624,0.99766934,1.0522988,0.98968893,0.7771021,1.0131868,0.6873141,1.0409238,0.82124394
0.93088293,0.84498346,0.9211304,0.8162938,1.0149496,0.8955785,1.1920929e-07,0.916144,0.86319953,0.9100844,0.8833833,0.8808815,0.80637395,0.8060284,0.8371216,1.0226781,0.88753474,0.90804493,0.827695,0.8771967,0.87347734,0.7905288,0.8305174,0.82645464,0.8191792,0.868366,0.89770305,0.9358666,0.89915836,0.99059755,0.86212444,1.0813221,0.8646856,0.66909,0.89572465,0.83041656,0.9375929,0.9436162,0.89180744,0.8862997,0.78756,0.844705,0.7982866,0.8267029,0.78806686,1.0260165,0.96801126,0.8728355,0.9990349,0.9679188
0.6589683,0.8512799,0.8561643,0.8301593,0.95078444,0.7005645,0.916144,0.0,0.838594,0.74675596,0.85802805,0.7670054,0.7631409,0.87421733,0.75404024,0.8067672,0.8375359,0.93125796,0.79337937,0.7822551,0.9125462,0.86238164,0.54336995,0.884815,0.7971269,0.7714372,0.93697137,0.8839162,0.90225995,0.8345616,0.85702777,0.9148618,0.7521032,0.9037882,0.7801688,0.73058224,0.68015224,0.8546848,0.9102868,0.8381866,0.82392853,0.7854152,0.89485276,0.88826746,0.8942433,0.8679831,0.8445907,0.7017461,1.0015843,0.7498256
0.77620316,0.82355106,0.89613736,0.838505,0.9830031,0.9492731,0.86319953,0.838594,5.9604645e-08,0.85356927,0.9140997,0.8621637,0.88639337,0.86368483,0.801909,0.97532207,0.8040009,0.97479683,0.8718481,0.84486496,0.95065576,0.8597311,0.76092815,0.93103164,0.81048167,0.92371166,0.77075326,0.8373134,0.9652955,0.92055905,0.8835407,1.0071442,0.88154453,0.8153597,0.5389988,0.81408346,0.87737453,0.87424785,0.91344965,0.8565011,0.84036994,0.78543895,0.8027092,0.7366335,0.7346175,0.92537606,0.9080204,0.8687171,1.0164493,0.925576
0.860506,0.7372966,0.75849515,0.79418945,0.768153,0.7906806,0.9100844,0.74675596,0.85356927,2.3841858e-07,0.84460306,0.71765506,0.692748,0.87737566,0.73616195,0.745728,0.66057086,0.78701925,0.714033,0.81607974,0.9074271,0.7157408,0.9011661,0.8892868,0.8180833,0.944153,0.75622916,0.89066553,0.9469943,0.90322596,0.6969859,0.8783637,0.7501893,0.9083683,0.6337851,0.6855928,1.0317323,0.9476607,0.8663292,0.86415213,0.8202101,0.901518,0.9238528,0.86388606,0.8892311,0.9488142,0.8997719,0.6676905,1.0176014,0.8937298
0.88881516,0.860968,0.95296144,0.82582635,0.9693657,0.8739946,0.8833833,0.85802805,0.9140997,0.84460306,0.0,0.91068983,0.9142159,0.85709643,0.869556,0.9433025,0.85095096,0.99284965,0.8276379,0.9231562,0.8760921,0.93126136,0.8930866,0.91457677,0.84937716,0.95396,0.96879077,0.8773609,0.9505259,0.947655,0.874632,1.0107076,0.7638837,0.8590692,0.91265935,0.8133323,0.9940118,0.9786701,0.81073916,0.88335204,0.9866082,0.8224868,0.87332857,0.8045039,0.8030697,0.98682994,0.9211666,0.9692723,0.9762672,0.89788526
0.94193965,0.69003785,0.90638983,0.846009,0.529577,0.69378185,0.8808815,0.7670054,0.8621637,0.71765506,0.91068983,2.3841858e-07,0.6658423,0.7233777,0.8044788,0.7146634,0.5250161,0.47003442,0.7288311,1.0364826,1.007282,0.7626865,0.7789217,0.7286589,0.7525194,0.96639395,0.8871805,0.8891158,0.90458035,0.8352426,0.5624702,0.98357713,0.7036916,0.79774487,0.76479053,0.67409885,0.85873735,0.8993846,0.57511383,0.7304371,0.7275136,0.9498379,0.9353198,0.9028388,0.8813673,0.99237144,0.9467145,0.8091041,0.9675587,0.82217205
0.9800889,0.7218034,0.8018115,0.80328435,0.70779395,0.83563364,0.80637395,0.7631409,0.88639337,0.692748,0.9142159,0.6658423,1.1920929e-07,0.81686807,0.853108,0.8404466,0.6893107,0.74889725,0.83637583,0.81205475,0.9290958,0.7853414,0.7695882,0.7093241,0.69048244,0.9321279,0.8584256,0.8469416,0.8712618,0.96098495,0.57027054,1.0181004,0.6120653,0.8524169,0.6488376,0.6851533,0.82903826,0.93554014,0.76248246,0.8859137,0.854514,0.91880816,0.6223782,0.7614497,0.717083,0.9240096,0.87397575,0.87265164,0.92572325,0.75972205
0.9056777,0.80383366,0.93139875,0.8502925,0.9518138,0.8507959,0.80602837,0.87421733,0.86368483,0.87737566,0.85709643,0.7233777,0.81686807,0.0,0.90515804,0.9002564,0.7339669,0.93025506,0.79297364,0.81625926,0.7708901,0.83375466,0.81032014,0.788382,0.8335792,0.948102,0.9248722,0.7816679,0.8544314,0.7672503,0.83578324,0.8435209,0.8294979,0.6095251,0.8709521,0.8368682,0.86925656,0.94160503,0.84446776,0.8631574,0.87697303,0.98013407,0.8246927,0.7429733,0.78556657,1.024861,0.9468042,0.915692,0.93386984,0.86112237
0.80278194,0.7906668,0.7407586,0.5715289,0.9276177,0.66668016,0.8371216,0.7540403,0.801909,0.73616195,0.869556,0.8044788,0.853108,0.90515804,0.0,0.8453115,0.86937773,0.9553912,0.8816556,0.7259285,0.91243696,0.7841395,0.7663002,0.8560934,0.79114914,0.7647459,0.7186512,0.8365208,0.91738796,0.887422,0.84536225,0.9587856,0.9083097,0.9130256,0.7556509,0.72677356,0.9510414,0.86455965,0.9626038,0.79884243,0.7041284,0.91527003,0.9080042,0.8899868,0.8759359,0.9960383,0.8940561,0.6696812,1.0260571,0.9559455
0.9702747,0.9291165,0.9467748,0.8904558,0.81457245,0.8715507,1.0226781,0.8067672,0.97532207,0.745728,0.9433025,0.7146634,0.8404466,0.9002564,0.8453115,0.0,0.7918389,0.82566226,0.70915866,0.86257213,0.85341924,0.757671,0.83179533,0.8571465,0.9552704,0.88732314,0.95627403,0.8721092,1.0258836,0.77158046,0.6499268,0.88146245,0.79380214,0.98127973,0.8377834,0.75812656,0.8068629,0.93368745,0.7236508,0.9220257,0.83249795,1.07038,1.1014297,1.0515397,1.065251,1.0631284,0.97509646,0.89586675,0.9878443,0.79461896
0.8790124,0.76108885,0.8828765,0.86912537,0.66190827,0.8154868,0.88753474,0.8375359,0.8040009,0.66057086,0.85095096,0.5250162,0.6893107,0.7339669,0.86937773,0.7918389,1.1920929e-07,0.6117737,0.79716027,0.81673855,0.93977374,0.7581863,0.8158729,0.68961763,0.8485647,0.90475315,0.8120973,0.8294318,0.793206,0.91103476,0.47932523,0.9972453,0.69318813,0.799379,0.80263954,0.73840356,0.94337577,0.94273734,0.6956136,0.7305545,0.83656895,0.8721758,0.8604026,0.76512665,0.8167874,0.94855404,0.94873255,0.8736483,1.0014399,0.9152953
1.014646,0.85128075,0.95055413,0.8184097,0.46906066,0.8456004,0.90804493,0.93125796,0.97479683,0.78701925,0.99284965,0.47003442,0.74889725,0.93025506,0.9553912,0.82566226,0.6117737,1.1920929e-07,0.89174235,1.0040523,1.0632007,0.94807476,0.87297904,0.8596581,0.9596717,1.0458786,0.8214989,1.0003017,0.9446024,0.98743314,0.57909936,1.0303046,0.8924234,0.9039432,0.8377174,0.7053367,0.9255142,0.97888535,0.77339745,0.756421,0.88519704,0.94387895,0.9617271,0.9686651,0.9903808,1.0579776,0.953134,0.91066825,0.9414739,0.9756764
0.8953887,0.8074929,0.82102466,0.8259642,0.89137495,0.9445646,0.827695,0.79337937,0.8718481,0.71403295,0.8276379,0.7288311,0.83637583,0.79297364,0.8816556,0.70915866,0.79716027,0.89174235,2.3841858e-07,0.8200744,0.90415984,0.7656598,0.71572447,0.8050065,0.8165795,0.9364947,0.931856,0.8664708,0.9614553,0.7405423,0.7630812,0.83458257,0.65259206,0.6494709,0.8390463,0.7516075,0.9202405,0.9009566,0.65007657,0.8757253,0.8996073,0.87280595,0.9249754,0.754152,0.81601655,0.9686396,0.8442409,0.87504554,0.9053432,0.77056634
0.7403167,0.9659987,0.5893615,0.7764065,1.0392145,0.8745153,0.8771967,0.7822551,0.844865,0.81607974,0.9231562,1.0364826,0.81205475,0.81625926,0.7259285,0.86257213,0.8167385,1.0040523,0.8200744,0.0,0.92586094,0.79492974,0.8021604,0.9201108,0.645988,0.7532042,0.8661564,0.9481014,0.84725547,0.8985767,0.8502912,0.9693762,0.849785,0.8888977,0.86529076,0.8146462,0.8828472,0.69790345,0.93809605,0.8856794,0.83594805,0.8868046,0.8471395,0.85952234,0.8169944,0.8105204,0.7061001,0.5391933,1.01176,0.92982304
0.9559468,1.0307506,1.0171472,0.877509,1.0708783,0.85303175,0.8734773,0.9125462,0.9506557,0.9074271,0.876092,1.007282,0.9290958,0.7708901,0.91243696,0.85341924,0.93977374,1.0632006,0.90415984,0.92586094,5.9604645e-08,0.8864003,0.86062896,0.89802396,0.94417286,0.79171026,0.8694465,0.78452754,0.95789176,0.9971554,0.9495519,0.8507414,0.8631039,0.969155,0.95989656,0.96152264,0.87255985,1.0159564,0.95447594,0.97241455,0.9955452,0.9356784,0.90018475,0.9464217,0.87401307,0.9959101,0.92076284,0.94811255,1.0505168,0.8202531
0.81946725,0.8961892,0.86123264,0.78320855,0.8998692,0.840598,0.79052883,0.86238164,0.8597311,0.7157407,0.93126136,0.7626865,0.7853414,0.83375466,0.7841395,0.757671,0.7581863,0.94807476,0.7656597,0.79492974,0.8864003,0.0,0.880354,0.7918778,0.7169019,0.8685283,0.8380122,0.83440685,0.89402336,0.8900007,0.77071005,0.9202968,0.8361666,0.9079937,0.73296106,0.7969273,0.8395394,0.8289945,0.8373455,0.85474074,0.69062656,0.9821172,0.9402555,0.92773414,0.8596243,0.8973162,0.851357,0.83623743,1.0317913,0.8584548
0.77399147,0.79745495,0.88096017,0.8735226,0.92508495,0.75255966,0.8305174,0.54337,0.7609282,0.90116614,0.89308655,0.77892166,0.7695882,0.81032014,0.7663002,0.83179533,0.8158729,0.87297904,0.71572447,0.8021604,0.86062896,0.880354,2.3841858e-07,0.8362433,0.79954624,0.6521958,0.8747724,0.8429153,0.84347796,0.7959707,0.8374827,0.8595092,0.7679112,0.7802783,0.639766,0.7213678,0.7907976,0.89782584,0.81338423,0.8501824,0.8549038,0.5388142,0.85633314,0.8158456,0.78459334,0.8927878,0.78831464,0.84170455,0.9906024,0.80379707
0.98650885,0.8117954,0.9504408,0.895926,0.74730587,0.81703794,0.8264546,0.884815,0.93103164,0.8892868,0.91457677,0.7286589,0.7093241,0.788382,0.8560934,0.8571465,0.68961763,0.8596581,0.8050065,0.9201108,0.89802396,0.7918778,0.8362433,0.0,0.9210136,0.9037721,0.85539305,0.6007918,0.9203221,0.92774814,0.7063248,1.0151879,0.7664133,0.6722876,0.8560216,0.93243116,0.92029417,0.93573046,0.7847907,0.8399817,0.8645494,0.83889836,0.86621606,0.8366802,0.8155478,0.8801445,0.88672674,0.98308504,0.72069377,0.792482
0.8355882,0.792845,0.58029366,0.8527743,0.87456787,0.7635268,0.8191792,0.7971269,0.81048167,0.8180833,0.84937716,0.7525194,0.69048244,0.8335792,0.79114914,0.9552704,0.8485646,0.9596717,0.8165795,0.645988,0.94417286,0.7169019,0.79954624,0.9210136,0.0,0.8927287,0.9077559,0.96014005,0.8919987,0.90583146,0.79211164,1.021166,0.7657417,0.921718,0.780299,0.7773247,0.88763446,0.91455054,0.84999776,0.8884453,0.7987543,0.9101146,0.8509164,0.80969125,0.78915364,0.8702339,0.83847594,0.5615917,1.068125,0.9044465
0.7703701,0.99469286,0.87687683,0.88401115,1.0114217,0.8192384,0.868366,0.7714373,0.92371166,0.944153,0.95396,0.96639395,0.9321279,0.948102,0.76474583,0.8873231,0.90475315,1.0458786,0.9364947,0.7532042,0.79171026,0.8685283,0.6521958,0.9037721,0.8927287,0.0,0.88818777,0.9774268,0.816664,0.995896,0.8409213,1.0943722,0.956488,0.964189,0.9807567,0.8587626,0.8045231,0.8335948,0.9216609,0.89927953,0.8944306,0.6616036,0.9562319,1.0020993,0.92837685,0.70488757,0.7564517,0.85367715,0.9264405,0.9613019
0.9096589,0.8226441,0.87093794,0.62832874,0.90480834,0.8795949,0.89770305,0.93697137,0.77075326,0.75622916,0.96879077,0.8871805,0.8584256,0.92487216,0.7186512,0.95627403,0.8120973,0.82149893,0.93185604,0.8661564,0.8694465,0.8380122,0.8747724,0.85539305,0.9077559,0.88818777,0.0,0.8829623,1.0009743,1.0086917,0.9149384,0.9885069,0.93253136,0.9169898,0.7141541,0.7918285,1.0288014,0.92943,0.9829453,0.7752978,0.88136196,0.8130809,0.91853184,0.89133394,0.9043892,0.964846,0.9026488,0.9354672,0.99532676,1.036794
0.96693337,0.88251776,1.0395563,0.8256269,0.93490106,0.8410693,0.9358666,0.88391614,0.8373134,0.89066553,0.8773609,0.8891158,0.8469416,0.78166795,0.83652085,0.8721092,0.8294317,1.0003017,0.8664708,0.9481014,0.78452754,0.83440685,0.8429153,0.6007918,0.96014005,0.9774268,0.8829623,0.0,0.9877169,0.8908699,0.8432726,0.6427959,0.86461055,0.8185222,0.8529574,0.93423736,0.9706012,0.96818393,0.9003887,0.90700144,0.96223825,0.94096607,0.86253154,0.8625808,0.8921083,0.9773485,0.88187325,1.0284394,1.0959842,0.83959305
0.9350649,0.9994146,0.87165505,0.98408866,0.9309491,0.8782846,0.89915836,0.90225995,0.9652955,0.9469943,0.9505259,0.90458035,0.8712618,0.8544314,0.91738796,1.0258836,0.793206,0.9446024,0.9614553,0.84725547,0.95789176,0.89402336,0.84347796,0.9203221,0.8919987,0.816664,1.0009743,0.9877169,0.0,1.0017147,0.8582521,1.0089711,0.9078197,0.9378575,0.95377946,0.90098715,0.9402252,0.81970495,0.9196391,0.9822809,0.93818545,0.8535285,0.905406,0.9171542,0.87892604,0.8806206,0.8785413,1.014357,0.99617743,0.9749421
0.895094,0.9242995,0.91969377,0.9497733,0.95378935,0.86894864,0.99059755,0.8345616,0.92055905,0.90322596,0.947655,0.8352426,0.96098495,0.7672503,0.887422,0.77158046,0.91103476,0.98743314,0.7405423,0.8985767,0.9971554,0.8900007,0.7959707,0.92774814,0.90583146,0.995896,1.0086917,0.8908699,1.0017147,2.3841858e-07,0.8944192,0.704265,0.93687904,0.84632885,0.92056113,0.91155046,0.9246591,1.012669,0.6724709,0.95372,0.89019215,1.017105,0.93543303,0.8888877,0.9289168,1.0572398,0.97961885,0.89360607,0.9905321,0.8693995
0.89999175,0.82009125,0.92171013,0.7707987,0.5495609,0.7657955,0.86212444,0.85702777,0.8835407,0.6969859,0.874632,0.5624702,0.57027054,0.8357831,0.8453623,0.64992684,0.4793254,0.5790995,0.7630812,0.8502912,0.9495519,0.77071005,0.8374827,0.7063248,0.79211164,0.8409213,0.9149384,0.8432726,0.8582521,0.8944192,0.0,1.0503691,0.6893896,0.88055134,0.7999196,0.69825053,0.92461365,0.93986243,0.5979551,0.70299494,0.82182086,0.93522626,0.88747007,0.94040954,0.93386745,0.92113936,0.8888305,0.8601589,0.94224536,0.83711225
1.0434936,0.9742462,1.0349189,1.0002438,1.0061378,0.8736323,1.0813221,0.9148618,1.0071442,0.8783637,1.0107076,0.98357713,1.0181004,0.8435209,0.9587856,0.88146245,0.9972453,1.0303046,0.83458257,0.9693762,0.8507414,0.92029685,0.8595092,1.0151879,1.021166,1.0943722,0.98850685,0.64279586,1.008971,0.704265,1.0503691,5.9604645e-08,0.94540036,0.8892822,0.9246438,1.0340073,1.0117555,1.0422843,0.8592057,1.0468141,1.0332851,1.0772325,1.0420572,1.077281,0.9784481,1.0042467,1.074216,1.0234827,1.051249,0.92717963
0.94232285,0.75520283,0.92667687,0.92741233,0.86854666,0.83604485,0.8646856,0.7521032,0.88154453,0.7501893,0.7638837,0.7036916,0.6120653,0.8294979,0.9083097,0.79380214,0.69318813,0.8924234,0.65259206,0.849785,0.8631039,0.8361667,0.7679112,0.76641333,0.7657417,0.956488,0.93253136,0.86461043,0.9078197,0.93687904,0.6893897,0.94540036,0.0,0.8383182,0.7836236,0.7994131,0.85374933,0.97113895,0.7141557,0.8718948,0.89840305,0.8626133,0.71872634,0.7671706,0.7180499,0.89407563,0.92066383,0.82858396,1.0219069,0.5953956
0.8695973,0.835086,0.9463431,0.8310749,0.82134473,0.9971495,0.66909,0.9037882,0.8153597,0.9083683,0.8590692,0.79774487,0.8524169,0.6095251,0.9130256,0.98127973,0.799379,0.9039431,0.6494709,0.8888977,0.969155,0.9079937,0.7802783,0.6722875,0.921718,0.964189,0.9169898,0.8185222,0.9378575,0.84632885,0.88055134,0.8892822,0.8383182,0.0,0.8827476,0.8658071,0.95912224,0.9635099,0.82789534,0.9218074,0.8987346,0.81349194,0.87755084,0.73105454,0.7608286,0.9501679,0.9770562,1.0054668,0.686646,0.9613655
0.77425736,0.6407749,0.79156035,0.79604447,0.7966132,0.75427234,0.89572465,0.7801688,0.5389988,0.6337851,0.91265935,0.76479053,0.6488376,0.8709521,0.7556509,0.8377834,0.8026396,0.8377174,0.83904636,0.86529076,0.9598966,0.7329612,0.63976604,0.8560216,0.780299,0.9807567,0.7141541,0.8529574,0.95377946,0.92056113,0.7999196,0.9246438,0.7836236,0.8827476,0.0,0.6214448,0.8960329,0.95240307,0.8769568,0.7895167,0.8108002,0.9137175,0.8268322,0.8273765,0.8326668,0.912889,0.944548,0.84692895,0.98962206,0.8826407
0.7966422,0.778942,0.92116755,0.65598583,0.7296871,0.6924141,0.83041656,0.73058224,0.81408346,0.6855928,0.8133323,0.67409885,0.6851533,0.8368682,0.72677356,0.75812656,0.73840356,0.7053367,0.7516075,0.81464624,0.9615226,0.7969272,0.72136784,0.93243116,0.7773247,0.8587626,0.7918285,0.93423736,0.90098715,0.91155046,0.69825053,1.0340073,0.7994131,0.8658071,0.6214448,0.0,0.8113242,0.8825992,0.82736,0.7980738,0.7353318,0.8689275,0.93242204,0.89151454,0.95554394,0.9735025,0.900719,0.7806875,0.9383943,0.9703961
0.8584652,1.026713,0.93079,0.92596465,0.9795353,0.7760345,0.9375929,0.68015224,0.87737453,1.0317323,0.9940118,0.85873735,0.82903826,0.86925656,0.9510414,0.8068629,0.94337577,0.9255142,0.9202405,0.8828472,0.8725598,0.8395394,0.7907976,0.9202942,0.88763446,0.8045231,1.0288014,0.9706012,0.9402252,0.9246591,0.92461365,1.0117555,0.85374933,0.95912224,0.8960329,0.8113242,0.0,0.7425017,0.91880095,0.98467267,0.6099132,1.0135007,1.0001163,0.995696,0.98712474,0.93851864,0.966079,0.85193455,0.98761076,0.820084
0.782055,1.0147535,0.7608715,0.8811086,0.9581056,0.9830563,0.9436162,0.8546848,0.87424785,0.9476607,0.9786701,0.8993846,0.93554014,0.94160503,0.86455965,0.93368745,0.94273734,0.97888535,0.9009566,0.69790345,1.0159564,0.8289945,0.89782584,0.93573046,0.91455054,0.8335948,0.92943,0.96818393,0.81970495,1.012669,0.93986243,1.0422843,0.97113895,0.9635099,0.95240307,0.8825992,0.7425017,0.0,0.9543938,0.94164735,0.6695278,0.8706276,0.9884611,1.0076319,0.95853925,0.8805467,0.8133397,0.9284889,0.9970761,0.97507125
0.94443846,0.72443855,0.97119266,0.9663286,0.8054929,0.8562056,0.89180744,0.9102868,0.91344965,0.8663292,0.81073916,0.57511383,0.76248246,0.84446776,0.9626038,0.7236508,0.6956136,0.77339745,0.65007657,0.93809605,0.95447594,0.8373455,0.81338423,0.7847907,0.84999776,0.92166096,0.9829453,0.90038866,0.91963905,0.6724709,0.597955,0.8592058,0.7141557,0.82789534,0.8769568,0.82736,0.91880095,0.9543938,0.0,0.8297216,0.8763096,0.9893742,0.8996498,0.9290627,0.8846927,0.8731941,0.97393674,0.93234664,0.9222829,0.86262095
0.872671,0.7551333,0.90554655,0.6560668,0.8914537,0.718433,0.8862997,0.8381866,0.8565011,0.86415213,0.88335204,0.7304371,0.8859137,0.8631574,0.79884243,0.9220257,0.7305545,0.756421,0.8757253,0.8856794,0.97241455,0.85474074,0.8501824,0.8399817,0.8884453,0.89927953,0.7752978,0.90700144,0.9822809,0.95372,0.70299494,1.0468141,0.87189484,0.9218074,0.7895167,0.7980738,0.98467267,0.94164735,0.8297216,0.0,0.95138556,0.78099316,0.9484624,0.90044117,0.8830311,0.8627743,0.8514611,0.82435775,0.9626105,0.94881517
0.8374939,0.8531922,0.801357,0.90137774,0.9019763,0.8485112,0.78756,0.8239285,0.84036994,0.8202101,0.9866082,0.7275136,0.854514,0.87697303,0.7041284,0.83249795,0.83656895,0.88519704,0.8996073,0.83594805,0.9955452,0.69062656,0.8549038,0.8645494,0.7987543,0.8944306,0.88136196,0.96223825,0.93818545,0.8901921,0.82182086,1.0332851,0.89840305,0.8987346,0.8108002,0.7353318,0.6099132,0.6695278,0.8763096,0.95138556,0.0,0.9802601,0.98839045,1.0120301,1.0416465,1.0405529,0.94272834,0.73819023,0.9964734,0.9593508
0.9035084,0.9442812,0.9320162,0.8701226,0.9869485,0.95086247,0.844705,0.7854152,0.7854389,0.901518,0.8224868,0.9498379,0.91880816,0.98013407,0.91527003,1.07038,0.8721758,0.94387895,0.87280595,0.8868046,0.9356785,0.9821172,0.5388142,0.8388983,0.9101146,0.66160357,0.8130809,0.94096607,0.8535285,1.017105,0.9352263,1.0772325,0.8626133,0.81349194,0.9137175,0.8689275,1.0135007,0.8706276,0.9893742,0.78099316,0.9802601,0.0,0.8698183,0.7935244,0.70242727,0.81781024,0.7675719,0.97215796,0.81416774,0.96647745
0.8853704,0.78824914,0.917094,0.8917077,1.0008918,0.99766934,0.7982866,0.89485276,0.8027092,0.9238528,0.87332857,0.9353198,0.6223782,0.8246927,0.9080042,1.1014297,0.8604026,0.9617271,0.9249754,0.8471395,0.90018475,0.9402555,0.85633314,0.86621606,0.8509164,0.9562319,0.91853184,0.8625315,0.905406,0.93543303,0.88747,1.0420572,0.71872634,0.87755084,0.8268322,0.93242204,1.0001163,0.9884611,0.8996498,0.9484624,0.98839045,0.8698183,2.3841858e-07,0.5150342,0.4974529,0.9613551,0.9328028,0.9669504,1.0261155,0.90115005
0.88441443,0.8112215,0.8343859,0.8896749,1.0036196,1.0522988,0.8267029,0.88826746,0.73663354,0.8638861,0.80450386,0.9028388,0.7614497,0.7429733,0.8899868,1.0515397,0.76512665,0.9686651,0.754152,0.8595223,0.9464217,0.92773414,0.8158456,0.8366802,0.8096912,1.0020993,0.891334,0.8625808,0.9171542,0.88888776,0.94040954,1.077281,0.7671706,0.73105454,0.8273765,0.89151454,0.995696,1.0076319,0.9290627,0.90044117,1.0120301,0.7935244,0.5150342,5.9604645e-08,0.43536907,0.9394825,0.91817313,0.93425876,1.0346797,0.87309045
0.86453474,0.8805172,0.8314539,0.8821872,1.0014465,0.98968893,0.7880669,0.8942433,0.7346175,0.8892311,0.8030697,0.8813673,0.717083,0.78556657,0.8759359,1.065251,0.8167874,0.9903808,0.81601655,0.8169944,0.87401307,0.8596243,0.78459334,0.8155478,0.7891537,0.92837685,0.9043892,0.8921083,0.87892604,0.9289168,0.93386745,0.9784481,0.7180499,0.7608286,0.8326668,0.95554394,0.9871247,0.95853925,0.8846927,0.8830311,1.0416465,0.70242727,0.49745274,0.43536913,1.1920929e-07,0.87214833,0.8448406,0.9333885,0.964934,0.8502486
0.6966424,1.0150265,0.8730607,1.0271374,1.026337,0.7771021,1.0260165,0.8679831,0.9253761,0.9488142,0.98683,0.99237144,0.9240096,1.024861,0.9960383,1.0631284,0.94855404,1.0579776,0.9686396,0.8105204,0.9959101,0.8973162,0.8927878,0.8801445,0.8702339,0.70488757,0.964846,0.9773485,0.8806206,1.0572398,0.92113936,1.0042467,0.89407563,0.9501679,0.91288906,0.9735025,0.9385186,0.8805467,0.8731941,0.8627743,1.0405529,0.8178102,0.9613551,0.9394825,0.87214833,0.0,0.8080651,0.8556094,0.89319354,0.90295
0.8140787,0.9679491,0.7948093,0.82521564,0.9919081,1.0131868,0.9680112,0.84459066,0.9080204,0.8997719,0.9211666,0.9467145,0.87397575,0.9468042,0.8940561,0.97509646,0.94873255,0.953134,0.84424084,0.7061001,0.92076284,0.851357,0.78831464,0.88672674,0.83847594,0.7564517,0.9026488,0.88187325,0.8785413,0.97961885,0.8888305,1.074216,0.92066383,0.9770562,0.944548,0.900719,0.966079,0.8133397,0.97393674,0.8514611,0.94272834,0.7675719,0.9328028,0.91817313,0.8448406,0.8080651,0.0,0.85674286,0.9616282,0.96546835
0.7530668,0.84595543,0.57490987,0.88361984,0.9519553,0.6873141,0.87283546,0.7017461,0.86871713,0.66769046,0.96927226,0.8091041,0.87265164,0.915692,0.6696812,0.89586675,0.8736483,0.9106682,0.87504554,0.5391933,0.94811255,0.83623743,0.84170455,0.98308504,0.5615917,0.85367715,0.9354672,1.0284394,1.014357,0.89360607,0.8601589,1.0234827,0.828584,1.0054668,0.8469289,0.7806875,0.8519347,0.9284889,0.93234664,0.82435775,0.73819023,0.97215796,0.9669504,0.9342588,0.9333885,0.8556094,0.85674286,0.0,1.0376472,0.95646536
1.029334,0.94452846,0.96057844,0.9946543,0.73857504,1.0409238,0.9990349,1.0015843,1.0164493,1.0176014,0.9762672,0.9675587,0.92572325,0.93386984,1.0260571,0.9878443,1.0014399,0.9414739,0.9053432,1.01176,1.0505168,1.0317913,0.9906024,0.72069377,1.068125,0.9264405,0.99532676,1.0959842,0.99617743,0.9905321,0.94224536,1.051249,1.0219069,0.6866459,0.98962206,0.93839437,0.98761076,0.9970761,0.9222829,0.9626105,0.9964734,0.8141677,1.0261155,1.0346797,0.964934,0.89319354,0.9616282,1.0376472,0.0,0.9936099
1.0127822,0.8202477,1.000341,0.95605093,0.9335073,0.82124394,0.9679188,0.7498256,0.925576,0.8937298,0.89788526,0.82217205,0.75972205,0.86112237,0.9559455,0.79461896,0.9152953,0.9756764,0.77056634,0.92982304,0.8202531,0.8584549,0.803797,0.79248196,0.9044465,0.9613019,1.036794,0.83959305,0.9749421,0.8693995,0.83711225,0.92717963,0.5953956,0.9613655,0.8826407,0.9703961,0.820084,0.97507125,0.86262095,0.94881517,0.9593508,0.96647745,0.90115005,0.87309045,0.8502486,0.90295005,0.9654683,0.95646536,0.9936099,0.0
