0.0856887,0.26134828,6.3837457,8.02007,7.7072935,4.4923477,3.2646964,3.8376906,8.127301,6.958936,8.162926,1.6735278,1.0299824,8.040686,7.729273,8.035055,5.664743,8.467844,7.6204576,4.346558,5.0298915,5.7119174,5.8432384,6.049073,4.9936857,6.099694,5.5000396,4.3986235,4.3921237,6.6488256,4.770736,5.9104757,2.331055,1.5919329,4.231048,6.8451514,1.9875287,3.707108,4.621031,6.2718115,6.7947106,4.5410237,5.6869955,4.9756727,5.1398606,3.7954288,6.5765476,6.7589335,6.0549107,8.499047,5.031491,4.3336296,7.0840435,4.039426,6.533503,3.4066854,5.8682413,5.247815,4.147306,2.1417093,7.205364,3.5383737,5.1559863,3.6324606,5.995244,6.760955,5.5201273,5.344703,7.1319423,4.9478908,5.645134,6.433531,1.5033181,5.6733203,3.7277713,4.1380863,4.948039,4.240143,6.8669176,6.3906765,4.931153,4.6795177,3.7593343,7.726764,7.2415276,6.834359,4.6254754,7.733362,5.061208,5.072166,5.088762,2.8047,3.4820783,4.9119325,4.7890873,7.525297,4.6631103,4.400518,6.3692436,2.248486,5.6336703,6.1269574,5.681033,5.8059096,5.1287127,7.048943,5.2596154,3.5533845,5.2167087,2.8765514,4.091979,3.0781088,6.7909513,4.4308543,4.6457977,6.2729993,4.3019586,6.711168,3.3624134,7.3636837,4.700703,6.1630335,5.103017,5.3729844,4.058626,2.5270655,3.3670938,4.5819235,3.871318,4.61255,2.4911098,2.9221041,5.172185,6.3660474,4.840102,4.139557,5.7618704,4.760103,4.10718,6.6099,4.2973423,4.231468,6.3752656,4.8974466,2.6368582,5.6501737,4.0044737,4.6691813,6.0944757,1.8904451,6.051302,5.0305552,6.8369875,4.1394067,7.3677835,7.157377,2.3623402,3.8727674,4.490906,4.4198203,6.010558,4.9133983,4.6453404,3.3449633,4.6822324,7.0031805,5.912198,4.9859853,5.2865453,5.890067,6.4991436,3.7455466,4.3791122,5.781284,6.6336884,3.6136515,3.6097364,6.3629346,6.5083284,5.074273,6.8044744,5.0289173,4.8498664,4.2020016,5.0993137,4.6467853,5.17108,5.8318453,5.574028,4.109835,5.8173265,7.436353,5.7673173,7.6501794,5.381685,4.3275523,8.041463,3.8748295,3.5582197,7.3181143
0.012935707,-0.7727574,5.3606963,12.319382,8.709177,5.6668506,5.554102,3.9597518,7.4184246,7.296312,5.2240267,0.65926635,1.3598168,8.038071,6.8490105,7.7544007,4.9392176,6.0517983,7.1740522,3.6137767,1.8616283,7.6705947,6.924789,5.2126245,4.5718594,6.070838,5.2289453,4.6028423,4.2809405,7.202807,3.5464513,5.5168486,2.2265549,1.7233696,4.7559404,7.3048515,2.3858027,5.8063893,3.0244107,5.1751695,6.2960443,3.937694,5.291819,7.391744,5.679497,4.1644297,5.5757327,4.7853575,6.5744743,8.966408,4.2827606,4.630072,7.3766828,4.346534,6.6884413,3.5704238,5.3539677,5.0346904,4.169105,2.2879899,6.156803,3.029919,4.6948123,3.6544466,5.6740003,6.7584476,5.094587,5.4383645,6.789657,5.1191516,4.664077,6.2038064,2.2944937,4.8294573,4.203702,3.545993,5.0256805,3.1956997,6.5463824,6.759036,4.9747396,5.1103225,4.1170673,7.5671043,7.126093,7.2743254,4.2809715,7.0596795,4.784509,5.2524347,5.847277,2.912882,3.693173,5.0080056,4.774993,6.9680696,4.74677,4.45209,6.82469,1.7794296,5.646732,5.655565,6.218195,5.1372223,4.962832,6.721016,5.470083,3.6427848,6.1652603,2.699651,4.1756725,3.773895,6.890102,4.4785967,4.7746053,6.7369246,3.7191613,6.2524967,3.8398333,7.19293,4.741118,6.2524757,5.284271,5.5355735,4.0264235,2.4666932,3.1880136,4.4503374,3.867975,4.562825,2.5532346,2.9597175,5.1371355,6.3385134,4.6495805,4.247437,5.5783725,4.98169,4.1715484,6.700578,4.347974,4.266563,6.181333,4.412382,2.8231065,5.644464,3.5690413,4.59833,5.6195755,1.7631317,5.7299004,4.9659276,6.60739,4.17886,7.17084,6.8403316,2.1339905,4.4115777,4.541821,4.277501,6.0533543,5.048077,4.655236,3.3250415,4.7090693,6.974755,6.018896,5.1605573,5.3118405,5.9800787,6.245515,3.7808352,3.9790502,5.7079916,6.9363737,3.4428937,3.69342,6.4129663,6.246054,5.1479235,7.0175195,5.058296,5.254207,4.0595675,4.9324546,4.672191,5.3384433,5.721158,5.4100566,4.456571,5.828226,7.75225,5.6131225,7.492215,5.1424866,4.609915,8.214057,3.9468236,3.4998143,7.1237545
1.2848616,-1.3694838,13.074911,-1.16307,9.591944,4.5005383,5.9814954,3.986114,7.9708977,7.270522,6.4395494,1.387403,0.9493941,8.7329035,7.852771,8.528707,8.318977,6.6075497,8.168533,3.9139476,5.0513725,6.2241373,4.639372,5.5653057,4.2350698,6.2503,5.2363353,7.0911603,3.0060415,6.358822,2.028299,8.89823,1.618331,3.2354665,3.7501917,6.7590284,1.6090715,5.5790215,4.1777105,6.849717,6.8389816,4.1991987,5.5986986,5.9506083,5.2260413,3.9276106,6.254648,6.100095,6.4034886,8.461939,4.68864,4.3713293,7.0708957,3.7176178,6.7788687,3.6317005,5.452539,5.0938396,4.362709,2.1971726,6.760925,3.2930036,4.9077525,3.6402924,5.814523,6.6557164,4.9251895,5.532054,6.8801394,5.0992174,5.1049404,6.241524,2.1254432,5.2194176,4.0474887,3.9223957,5.2880363,3.9532871,6.7956076,6.314791,4.829953,5.161462,3.9482117,7.7297344,7.287571,7.1152534,4.451822,7.276342,4.7727723,5.2954063,5.60476,3.015064,3.589595,5.0338697,4.7384295,6.9197726,4.6454487,4.401198,6.3372216,2.2683632,5.9836454,6.00329,5.96784,5.23766,4.9991717,7.023809,5.375064,3.302031,6.289259,2.7101717,4.316696,3.7845142,6.8594136,4.7889132,4.6345057,6.682719,3.2990103,6.636369,3.273386,6.7975516,4.418172,6.381042,5.0734,5.5336003,4.004729,2.3446522,3.22855,4.933899,4.080281,4.392638,2.5738475,2.9741552,5.1886024,6.2754335,4.43788,3.7813776,5.3020463,5.4660873,3.969684,6.8405385,4.469803,4.2618093,6.239308,4.6964283,2.9480824,5.762398,3.77098,4.4825296,5.6768775,1.7351128,6.045577,4.6541224,6.722883,4.264121,7.2575493,7.2514424,1.9024986,4.303724,4.4466295,4.7820535,5.8994656,4.8525596,4.396081,3.3726,4.6781564,7.035127,5.961855,5.107271,5.1682296,5.922624,6.408261,3.8249068,3.8641665,6.0431128,6.7930655,3.6657515,3.6236348,6.357705,6.490606,5.126181,7.016184,5.1344357,5.237939,4.2725897,4.975371,4.6843386,5.3255925,5.795616,5.548899,4.3655205,5.816157,7.701934,5.6684356,7.4273596,4.8889184,4.495979,8.1965685,3.8944454,3.4514334,7.148659
0.039617363,-0.61191016,6.4138713,10.383194,8.4177065,5.497103,3.8311594,3.7813537,7.7906537,6.6046243,6.9993334,2.136454,1.177915,8.041296,7.1726995,7.6687064,6.5852365,9.708709,7.9989834,4.910722,5.055644,5.3493676,3.2533567,6.423007,4.7293067,6.5318894,5.52839,4.5240393,4.6505823,6.710196,5.951998,5.96637,2.2223651,2.1873362,4.2982244,6.6798205,2.0227034,2.6576307,4.958299,8.526979,6.9252615,4.474526,5.3094797,4.426729,6.464071,4.4290605,6.505744,4.802539,5.9377894,8.558642,4.96823,4.4046593,7.0874147,4.1495104,6.4581637,3.4819112,5.7485075,4.9976153,3.89304,2.415578,8.104245,3.6888864,5.2021327,3.8138947,5.7559166,6.757079,5.351387,5.2146845,7.0786986,4.802158,7.771137,6.733949,1.2991433,4.713775,3.6593769,5.4393144,5.4243526,3.6079035,7.0605283,5.9119697,5.0966315,5.1390166,3.9445,7.154272,7.2021313,6.11405,5.3977637,7.4176497,4.900601,4.599481,5.150263,2.930541,3.1313424,4.9482336,4.633906,7.6076913,4.667778,4.1742663,6.5774198,2.3473141,5.621561,6.0907907,5.8240185,5.0396013,4.969385,6.7222147,5.171025,3.8628314,5.457318,2.6502516,4.2824936,3.5946329,6.9380546,4.5018973,4.5675626,6.6068482,3.2012384,6.5811453,3.4783251,6.926198,4.1005135,6.2342963,5.326181,5.443762,4.014454,2.3288844,3.1266592,4.6304026,4.794065,4.6365595,2.5124948,2.7707336,4.954474,6.4549856,4.5237865,3.9224484,5.5497923,4.931292,4.159079,6.4161763,3.9045591,3.7782261,5.531453,4.3960457,2.4313662,5.8740463,3.7996378,4.796198,5.8558674,1.8137628,5.872245,4.994168,6.75366,4.222137,7.5054474,7.1492624,2.3057258,3.9370155,4.527764,4.5917745,5.84055,4.828816,4.7445893,3.252724,4.652563,6.991265,5.877314,5.2830286,5.4571414,6.0149064,6.5338264,3.885162,4.178479,5.7131863,6.8265395,3.151679,3.782087,6.3544106,6.058547,4.977919,7.1255927,5.1364427,5.016901,4.2704,4.9364734,4.6965103,5.1843424,6.0449257,5.498109,4.4367895,5.7319455,7.8872695,5.8091774,7.451404,5.570272,4.573242,8.172563,3.9043512,3.6212494,7.2735486
-0.13694459,-2.6052165,5.0508122,17.37311,9.632907,7.7107306,5.607388,4.0053587,7.152649,5.898694,4.067294,0.6590504,1.4307239,8.112624,5.268626,5.605479,5.907789,9.4170475,9.200636,8.454158,3.535048,3.472781,0.79998845,5.545784,3.8075173,5.6398706,5.70318,6.65865,4.963255,4.981787,5.6594315,6.7768483,2.0961797,3.7407067,4.786424,7.464373,1.2292771,4.291989,5.2131042,6.6399894,6.0467105,3.7549858,5.0911975,7.183747,5.432069,3.9202306,6.4645677,6.1899114,6.021282,8.452179,4.6660852,4.219759,7.177946,4.048373,6.736765,3.5854979,5.493354,5.2612314,4.0719137,2.2699442,7.1606455,3.4514952,5.0235424,3.7576807,5.5450253,6.5647902,6.750807,5.230933,6.795485,5.317979,4.5715466,6.1677203,2.5534463,4.8606167,4.1283417,4.0989466,5.146512,3.5045216,6.5839286,5.775872,4.978632,5.5988183,4.1616073,7.74349,7.650523,6.840299,4.6260467,6.63232,4.59287,5.850674,6.2407007,3.064467,3.812106,5.653771,4.390894,6.8496,4.726362,4.2394347,6.927171,2.4782517,6.180894,6.387321,5.631065,5.675642,5.1525974,6.9427834,4.963257,4.626914,5.883923,2.394775,4.232526,3.8515465,6.9073844,4.864795,4.774201,6.4513326,2.6856942,6.3064604,3.7508059,7.01185,4.3160233,6.2662497,5.3363633,5.6020403,3.9877172,2.4896076,3.1261344,4.3694615,3.8768063,4.6393795,2.5432181,2.7185261,5.0208488,6.223565,4.5547657,4.171373,5.584404,5.012554,4.1081533,6.499034,4.1116915,4.106956,6.218853,4.025102,2.487012,5.842366,3.7146955,4.4480605,5.2219753,1.7413306,5.6376286,4.793624,6.6141357,4.183518,7.1975465,6.8882723,2.1812124,4.159613,4.531478,4.5046854,5.869689,5.082194,4.7408233,3.3197682,4.486218,6.998204,5.8907156,5.1418033,5.3898,5.9105372,6.3905725,3.9256248,4.1820216,5.8189983,6.8276343,3.460474,3.7158706,6.3760433,6.282942,5.012287,6.8821898,5.027349,5.128285,4.0089493,4.916485,4.7075286,5.2606297,5.8147492,5.4767675,4.270083,5.8215785,7.7049985,5.802755,7.254972,5.822224,4.79928,8.358964,4.0237336,3.6004782,7.1802735
0.5710053,0.3758808,10.230853,1.3285202,8.709952,3.8536706,6.5904355,4.037477,8.177451,8.299927,6.1605105,4.2740235,-0.7927706,-4.8881345,3.8911278,6.5096745,3.3966916,7.740483,7.886304,4.8596516,4.778025,5.5672445,5.264548,5.983275,4.693488,5.9131618,5.4696,5.271768,4.6036286,5.9805474,5.0415926,6.4413576,2.0701792,2.7975764,4.116001,6.999151,1.3548489,5.294074,4.7487245,6.1664376,6.5246377,4.347836,5.593755,5.9051976,5.762997,3.9757352,6.19243,6.2624187,6.2442036,8.561896,4.765426,4.5142922,7.2014813,3.70339,6.705053,3.5532496,5.549287,5.2307715,4.3564935,2.1534443,6.9699745,3.3417149,4.9459825,3.6222103,5.851493,6.643178,5.130801,5.5153146,6.9140124,4.912206,4.9565673,6.2822113,2.0189452,5.3454404,3.9423206,3.9174569,5.024379,4.0238485,6.8911467,6.4206076,4.718162,5.199053,3.9902413,7.759117,7.2978916,6.955514,4.7913985,7.4288235,4.866113,5.239944,5.8551536,2.9301918,3.4637585,4.8536315,4.7623687,6.9754424,4.693315,4.412609,6.3948746,2.3572862,5.948678,6.0187793,5.9773507,5.3099847,4.8761454,6.830116,5.3019037,3.3140037,6.1440725,2.543627,4.3153253,3.8154035,6.904582,4.7109017,4.8791466,6.5652924,3.395156,6.7248354,3.409254,6.9247837,4.713167,6.207004,5.049746,5.4570546,4.0347643,2.392582,3.2208838,4.872887,3.979724,4.5974526,2.6022565,2.8308852,5.1654825,6.424401,4.5037723,3.8634088,5.3613377,5.221176,4.0534587,6.7732363,4.40292,4.231528,6.1974535,4.416026,2.893607,5.7133794,3.6154559,4.454244,5.783164,1.8325831,5.9316816,5.0043244,6.6500306,4.135345,7.2572064,7.0417423,2.1833115,4.2740846,4.5565443,4.670746,6.0926604,4.97158,4.5979295,3.233907,4.5672493,7.0048327,5.9141593,4.98895,5.460415,6.072642,6.239836,3.8670359,4.1676297,5.8463807,6.6977515,3.478772,3.6752727,6.3868985,6.407135,5.1525326,6.9562597,5.0850167,5.287815,4.2820807,4.955512,4.720307,5.294353,5.9091725,5.563963,4.5030704,6.011617,7.7081046,5.800719,7.5431523,5.0574656,4.4766436,8.09801,3.8019881,3.5524282,7.147044
0.38919955,-0.122238934,8.626085,4.4664736,7.9439297,4.3056865,2.491809,3.5593765,8.067275,6.6982856,8.336396,1.7581314,0.9646821,8.18777,8.4846325,8.450366,7.59783,9.36545,7.9613338,2.9427688,5.771155,6.8535256,5.57972,5.895587,5.0712457,6.427528,5.2452145,5.554383,4.758955,5.6542244,4.587629,7.364434,2.6701827,2.1855998,4.8311663,6.9232035,1.0801874,1.2192357,6.608553,5.6521587,5.8034544,3.6541924,5.5149302,5.118628,7.401906,4.877047,6.4391317,5.793471,9.470497,8.614317,5.084485,5.699057,7.2299056,2.113391,7.140018,3.7432587,5.4770455,5.6121507,3.3114111,1.9535094,6.9509487,3.1927705,4.3869424,3.2838898,6.0946755,6.4118958,4.5296173,4.9678373,6.9694114,4.976536,5.987361,6.3914905,1.9399447,4.2779956,3.9072654,3.6779099,6.056854,4.5773005,7.156219,6.741991,4.8409233,5.077198,4.033637,7.6549144,7.0682344,7.60604,4.6243925,8.200617,4.6338506,4.9984245,5.4554696,2.9648576,3.7408774,5.2123804,4.8201885,7.5119276,5.208987,4.2016783,6.8702,2.5335014,5.4358907,5.6956472,6.0645356,6.579337,5.2140946,6.968693,5.433348,3.6454577,7.651648,2.5515928,4.3882856,3.5435135,6.803957,4.8863854,4.980841,6.7820625,3.1117463,6.886491,3.3577495,6.8805375,4.034606,6.396124,5.073123,5.487197,4.014184,2.382949,3.1354344,4.965463,4.053869,4.5433664,2.488924,2.7217631,4.9865603,6.339381,4.5866866,4.1160884,5.5516615,5.0988197,4.222888,6.6248255,4.328759,4.268692,5.977647,4.6716714,2.8703306,5.810678,3.860297,4.4263144,5.669247,1.7894042,5.821206,4.671646,6.9373713,4.261325,7.2676845,7.292764,2.3262317,4.0707865,4.496774,4.5260983,5.8972516,4.9212465,4.496132,3.3027499,4.799406,6.9914565,5.8942547,5.1976156,5.1469717,5.7947493,6.533069,3.927533,4.049315,5.9663014,6.631243,3.1674619,3.5737975,6.3524213,6.2474065,5.163614,6.828007,5.1954064,5.339021,4.282958,4.973754,4.701839,5.422236,5.68593,5.5864124,4.4689703,5.9008927,7.639406,5.6627345,7.4824357,4.9402914,4.339721,8.115052,3.948034,3.376905,7.0341587
0.12754884,-0.2114173,6.9656997,7.997243,7.768849,4.937889,2.7683551,3.8962064,8.263147,6.566798,8.454269,1.2225605,1.1441162,8.0196,7.641803,7.5310607,5.2922378,7.1963773,6.4984846,3.804954,3.699847,6.8279757,7.0209904,5.2809258,5.219393,5.7786937,5.5478873,4.293072,4.192291,7.1771126,3.5621235,5.4329433,2.6395037,0.7158042,4.8103414,7.134716,2.5848925,1.682582,4.4734244,5.268809,7.3595877,4.8173747,5.859268,6.0016093,1.8448119,2.8490648,6.3941774,7.6614056,5.9345903,8.383475,4.458529,4.1798153,7.569704,3.2734635,7.2169127,3.2777095,5.7977138,5.2334847,3.9239802,2.1852612,6.9426117,3.4845521,4.8813725,3.458009,5.7573147,6.7989116,5.3161597,5.33308,6.8328166,4.705829,5.011719,6.251349,1.7449601,5.1554623,3.801028,3.7931697,4.6720347,4.1356626,6.755815,6.2288976,4.8586392,4.6092896,3.910287,7.6768217,7.1482396,6.839106,4.2643466,7.848039,5.184419,5.3364496,5.3683753,2.915979,3.7082627,4.8927836,4.6960716,7.241892,4.670491,4.443018,6.4689116,2.215894,5.6645703,5.981624,5.825947,5.6150613,5.064557,6.971084,5.403116,3.591096,5.5980525,2.8105662,4.139751,3.2514808,6.768655,4.518334,4.775177,6.515841,4.023829,6.786939,3.137888,7.2487655,4.861721,6.274769,5.032278,5.4346776,4.031366,2.468054,3.3673332,4.5847163,3.8487635,4.5874395,2.582062,3.1223,5.202008,6.259858,4.704605,4.1957135,5.5890074,4.9040666,4.0527635,6.511214,4.2957506,4.2983117,6.284023,4.9162617,2.758689,5.7339425,3.851688,4.52184,5.821542,1.8063276,5.827348,5.0239286,6.8620343,4.2073956,7.2959275,6.9776697,2.2872803,3.9322884,4.479847,4.506403,5.9302764,5.15531,4.6239467,3.2947006,4.7520742,6.9382477,5.9072404,4.883018,5.271021,5.869743,6.379657,3.8103335,4.3601646,5.8474965,6.7084346,3.5816014,3.6592968,6.385235,6.4106164,5.0135126,6.762316,4.9841723,4.9843283,4.167727,5.096795,4.634323,5.233019,5.8700237,5.5413632,4.2526746,5.822,7.499172,5.6619387,7.6164,5.3103023,4.3951836,8.177767,3.6624098,3.430606,7.29243
0.10635478,-0.026392695,6.5235577,8.371588,8.029282,4.6851873,3.73561,3.7837431,8.022002,7.203866,7.0079627,1.7235122,1.1039678,7.9117804,7.516827,8.640009,6.4837112,8.596501,7.469844,3.0936646,4.555258,6.815687,5.005512,6.2599826,5.0533943,6.841606,4.6459885,3.3883533,4.4523406,8.606778,4.5452166,5.0985317,2.4481764,1.5664523,4.5854363,7.3157716,2.2388165,3.022616,4.2754636,8.952755,6.67706,3.9693952,5.409251,1.5741963,5.9158697,4.292615,7.337334,1.5420971,7.7170496,7.4665713,5.0188704,1.3297887,9.118449,6.072796,6.057435,3.05699,6.136658,4.441356,3.2454488,2.3974924,6.04141,2.8138142,4.6464157,3.8445039,5.6406155,7.4791327,5.1317058,5.256306,6.9729757,5.2660055,5.137843,6.1552114,1.8295223,5.0661745,3.7872255,4.4452276,5.141881,3.54328,6.9574924,6.2170186,5.0306005,4.905669,4.1007886,7.543897,6.963602,7.096446,4.424016,7.334097,4.928223,4.7717185,5.754062,2.922713,3.4103906,4.6971874,4.777036,7.241093,4.72319,4.2790713,6.471623,2.2737043,5.549075,5.981039,5.8591795,5.312699,5.0049148,6.824324,5.3648725,3.534806,5.646865,2.5979314,4.1979294,3.3548362,6.858376,4.46787,4.734881,6.6018934,3.6470728,6.5244265,3.4412298,7.230938,4.515429,6.2944827,5.326795,5.3744354,4.043679,2.5299263,3.2808533,4.3741264,4.1602674,4.5473638,2.5716863,2.7030191,5.0211205,6.1728225,4.650106,3.9226973,5.4710135,4.9799247,3.9172328,6.284328,3.8599653,3.9950557,5.9211674,4.649136,2.6708307,5.874994,3.5819528,4.7731714,5.77603,1.7413142,5.7795467,5.178526,6.8970184,4.1756144,7.2975755,7.022381,2.2712336,4.063824,4.5754623,4.48535,6.143135,5.1568775,4.71602,3.3740919,4.7656364,6.9599605,6.0017467,5.360835,5.2484255,5.9986115,6.4151692,3.87293,4.101235,5.727302,6.8166866,3.3434944,3.8038862,6.2794676,6.217011,5.009543,7.1058927,5.0477905,4.992897,4.189588,5.038294,4.671208,5.2593465,5.794201,5.298809,4.343562,5.6324215,7.6932297,5.621065,7.434042,5.2796445,4.449388,8.170724,3.937802,3.4753885,7.328879
0.39291513,-0.7656821,8.893878,5.4406877,8.411775,4.796865,3.237693,3.6166317,7.807886,6.7170863,7.984491,2.0384564,0.950441,8.193689,7.930979,9.226321,8.866312,10.590635,7.3517747,1.8081816,5.2329106,8.396838,2.8245757,7.247715,4.895805,7.992767,4.5035133,4.0776706,4.876973,8.0223465,9.725392,6.037475,1.336578,4.2750897,3.4726639,6.6741996,1.6318923,5.490872,4.113558,6.8324285,6.576859,4.0347753,5.418905,5.922302,4.9782043,3.992573,5.844304,5.957111,6.682031,8.415382,4.818641,4.349489,7.03705,4.007774,6.7712364,3.4874022,5.5970488,5.13354,4.1038837,2.2399406,7.0149884,3.395473,4.9967265,3.6678941,5.836828,6.71183,5.0857315,5.451622,6.9396353,5.01852,5.80133,6.4145284,1.7076755,5.1999736,3.9541628,4.2135673,5.426581,3.912621,6.8389115,6.347155,4.8222523,5.007838,3.9065275,7.601478,7.285458,6.8445015,4.555827,7.2816315,4.768809,5.1464176,5.51744,3.116499,3.5097065,5.1664443,4.565766,7.130632,4.647155,4.408076,6.3902774,2.2662156,5.789277,6.028411,5.9328446,5.4017363,4.9548354,6.9947577,5.2595086,3.137488,5.8391485,2.8086572,4.287148,3.5733895,6.817619,4.615826,4.402579,6.776043,3.6476386,6.285708,3.2859442,6.560722,3.9446661,5.910336,4.67083,5.4376583,3.9897897,2.3365395,3.2589483,5.0861506,4.287154,4.456313,2.5280132,2.7694955,4.8205113,6.211407,4.6153936,3.9117768,5.2513337,5.1882286,4.1538043,6.42966,4.0724463,3.9947984,5.7895985,5.2358346,2.7968838,5.9929314,3.8122978,4.508571,5.773782,1.7529263,5.8253694,4.832887,6.820934,4.434981,7.4978375,7.1451297,2.3333416,4.0750833,4.464368,4.646391,5.657518,4.7083044,4.4590764,3.2966287,4.8323045,6.950003,5.934246,5.066152,5.32595,5.9189973,6.593083,3.948652,3.8735921,5.849141,6.7918572,3.3816812,3.661301,6.42048,6.055486,5.144979,7.0141077,5.282993,5.388123,4.474544,4.7754855,4.76609,5.1956415,5.8808365,5.664531,4.517413,5.874238,7.9556236,5.6856823,7.4776692,4.751106,4.6883106,8.22116,3.9825714,3.6014242,7.1739416
-0.10196219,1.2047913,4.252864,10.183711,7.696948,4.087176,5.029305,3.876876,7.690498,7.8805923,6.844021,1.2752228,1.2363653,7.93418,7.8270035,8.340026,4.219154,6.7592897,7.8311954,4.0400677,4.58706,5.7373395,5.235757,6.4649014,4.7242827,5.9656825,5.8205256,3.987133,4.1975064,6.0528617,4.1765666,5.6100187,2.183588,1.4004637,4.308212,6.9187794,2.3874285,5.666079,3.397672,5.759957,6.786576,4.719945,5.7133503,5.237971,6.5448456,4.113044,5.9590197,6.947194,5.314577,8.653635,5.169673,4.5847187,6.932708,3.9212725,6.200218,3.4874318,5.980054,5.149918,4.1271205,1.9809406,6.8470197,3.3833072,5.218036,3.8624659,6.224579,6.855541,5.7871346,5.162887,7.2594495,4.9933805,5.5578256,6.422099,1.4499435,5.732722,3.8894477,3.665477,4.9707437,3.9333398,6.8182817,6.559065,4.993152,5.1732163,4.003463,7.7788763,7.268606,6.511213,4.0904503,7.522636,4.9293923,4.74337,5.4047427,3.3906379,3.3546524,4.6218076,5.01488,7.1110835,4.5498667,4.3380494,6.56304,2.3080523,5.7428446,6.030229,5.83988,5.378371,5.0594783,6.8515673,5.2206054,3.7851853,5.3804903,2.7423103,4.066759,3.3246944,6.945783,4.5124307,4.9082804,6.319774,4.049376,7.153706,3.3340516,7.3166213,5.1174674,5.8419228,5.190015,5.5075593,4.0589166,2.4581134,3.2224803,4.218101,3.9403791,4.7072988,2.3763962,2.7975886,5.2587776,6.597231,4.755492,4.2440925,5.7969546,4.716525,4.4471264,7.092957,4.650993,4.184687,6.1881905,4.1691613,2.655274,5.535708,3.8151379,4.7935076,6.0198436,1.8772634,5.894662,5.1050887,6.3291497,4.0332537,7.2540264,7.018006,2.2940574,4.4125104,4.512851,4.4166255,6.092781,4.874872,4.639954,3.3395774,4.713102,7.110025,5.961794,5.2183447,5.3058186,6.0375743,6.124147,3.7744575,4.2492642,5.732023,6.885664,3.5537524,3.72064,6.369608,6.5961123,5.1579723,7.015889,5.084237,5.0640435,4.2379446,4.9107366,4.7150054,5.2711115,5.8361654,5.5550885,4.4224243,5.988199,7.7579713,5.87762,7.635188,5.3239055,4.4545074,7.9216223,3.99818,3.57579,7.1296225
-0.102834925,-2.5542,5.3096914,16.580997,9.530408,7.505789,5.3957925,3.9943047,7.2358537,5.9765215,4.385723,0.7185195,1.3844668,8.108711,5.5866184,5.929259,5.815885,8.87623,8.795717,7.4345174,3.391797,4.295256,2.4252567,5.491576,4.0189114,5.7193794,5.7423387,6.2313833,4.7332764,5.3888283,5.464952,6.568127,2.080864,3.1859543,4.5720124,7.1235204,1.6276735,4.273646,4.6693406,6.327473,6.0106306,3.7718148,5.1479864,6.9140944,5.542405,4.0368905,6.6065974,6.0531597,6.140176,8.591301,4.6756682,4.4855633,7.0379252,4.1719785,6.644548,3.5690765,5.5273013,5.2864795,4.076074,2.3375373,7.5169015,3.567285,5.0719924,3.7578807,5.529351,6.5635257,6.783168,5.2194467,6.7962956,5.2837605,4.5840545,6.1939883,2.4698694,4.840496,4.1066594,4.0838466,5.1372123,3.427638,6.5994167,5.820516,5.024422,5.516376,4.1389823,7.717471,7.590612,6.8726163,4.584898,6.734975,4.639027,5.7860856,6.0657797,3.0393407,3.7831056,5.6232295,4.4513197,6.9223056,4.713469,4.268539,6.8834968,2.4239945,6.1048555,6.290732,5.6920004,5.6756015,5.1509953,6.923085,4.9811563,4.4558415,5.7827463,2.5022583,4.2144437,3.664032,6.885941,4.7915406,4.791689,6.4738207,2.9178078,6.461997,3.636614,7.054881,4.4730296,6.1938205,5.2877417,5.5931697,3.9925113,2.475324,3.1409738,4.349194,3.9341652,4.6264014,2.532398,2.8266835,5.0493107,6.258315,4.5846386,4.1591754,5.587428,5.029711,4.174538,6.5983005,4.224822,4.1182323,6.117801,4.197491,2.520659,5.7622666,3.7204835,4.4607654,5.3676095,1.7622955,5.656699,4.7835875,6.6258793,4.2039895,7.2064495,6.904296,2.2011218,4.1793613,4.508935,4.452498,5.8479624,5.0446243,4.7071915,3.310027,4.5246434,6.9753113,5.8925753,5.138677,5.3462524,5.887794,6.4010077,3.894131,4.158869,5.799438,6.862865,3.4307075,3.7078142,6.4048595,6.2065268,5.034385,6.9137506,5.0384955,5.181798,4.018039,4.9275317,4.690607,5.277634,5.754445,5.4030485,4.292819,5.779523,7.6643896,5.7362823,7.2981095,5.687621,4.8083534,8.397013,4.023605,3.6027591,7.1900654
-0.010079106,-0.6721068,5.214703,12.315712,8.620276,5.5943494,5.409691,3.9602017,7.4819074,7.2633624,5.465224,0.68849915,1.3280536,8.047134,6.877613,7.629932,4.9195023,6.380715,7.4083333,4.1087894,2.4016297,7.042035,6.4923077,5.235171,4.5772367,5.9528737,5.2441487,4.743963,4.3298807,6.985597,3.4177015,5.6289735,2.275808,1.786841,4.7065387,7.3160386,2.1595683,5.5391335,3.4926157,5.3231664,6.3599486,4.004725,5.363373,7.030556,5.59119,4.0690312,5.7469177,5.241728,6.6117105,8.829159,4.4390774,4.5857477,7.2892437,4.170577,6.7278833,3.5693352,5.4012566,5.1097417,4.1895704,2.2197933,6.413818,3.1817074,4.7769265,3.603641,5.769619,6.6371784,5.3875885,5.4095154,6.889295,5.092245,4.637389,6.2043056,2.2241488,5.003839,4.056442,3.6002467,4.9524517,3.502459,6.732763,6.674638,4.985684,5.1148667,4.051581,7.6936865,7.2667036,7.1385818,4.2815824,7.2942214,4.7851467,5.2241573,5.920348,2.8825128,3.7677758,5.020875,4.758249,7.0503426,4.7185974,4.3571877,6.732393,2.0454392,5.69741,5.9517007,5.9237175,5.47287,5.0625463,6.8618975,5.2817736,3.8862057,5.930795,2.6521099,4.1397486,3.4516501,6.855876,4.5918875,4.9197106,6.610827,3.7750776,6.68739,3.343418,7.2641835,4.918506,6.18337,5.172837,5.4862933,4.0284095,2.511234,3.258258,4.3519773,3.760186,4.65117,2.5922084,2.9010355,5.133743,6.180265,4.613931,4.284188,5.5461993,5.040833,4.0080094,6.5575986,4.242606,4.322292,6.2986565,4.5002017,2.8728604,5.7449903,3.4730706,4.6350117,5.5453887,1.7207196,5.6930914,5.075935,6.6923103,4.171852,7.1044083,6.799932,2.1394238,4.446689,4.5930595,4.282541,6.1375294,5.1548977,4.6736727,3.3592803,4.767351,6.986149,6.048276,5.2274446,5.2549605,5.9661326,6.2289324,3.7985845,4.0460835,5.7031274,6.9173355,3.4787326,3.7318919,6.360185,6.2957206,5.1254463,7.0305743,5.0407686,5.1978016,4.063636,4.912936,4.685662,5.3251057,5.7116785,5.3632636,4.3856454,5.7642508,7.6938686,5.623845,7.480152,5.2268767,4.564452,8.212724,3.946374,3.5058005,7.153074
-0.076475486,3.1756985,3.1688416,6.62696,7.2647314,3.0355313,5.0680156,3.8928623,7.944264,8.874159,7.3884606,1.1344265,1.2470034,7.9831038,8.213944,8.731131,3.7471821,5.872923,7.718101,3.9457152,4.0061607,5.957254,5.8635545,4.993023,4.6529264,6.142536,5.4073205,4.867107,5.1360188,7.418217,1.6786863,4.6162634,1.8180745,3.1109436,4.293512,7.1967998,1.4715645,5.88385,5.0453453,6.2289352,6.353077,4.2957315,5.5591598,5.990096,5.3665915,4.017034,5.739329,5.607023,6.603801,8.3931675,4.738181,3.8726897,7.0270777,3.8944411,6.9349556,3.5709717,5.422321,5.156363,4.260415,1.9769961,6.4252834,3.3867395,4.864396,3.2413325,5.9499326,6.8401556,5.034913,5.555989,7.134042,5.071531,4.7276893,6.2854486,2.043941,5.4650197,3.9546385,3.6830585,4.5262094,3.9662113,7.0291576,7.003958,4.7094493,5.1700907,4.109778,7.7594743,7.0899296,7.1440578,4.926201,7.604964,4.792083,4.9213443,6.325592,2.7953668,3.6397595,4.104398,4.8329577,7.0039206,4.681277,4.3760977,6.5408444,2.2588217,5.669185,5.8020806,5.9492545,5.2863154,4.9300237,7.064573,5.3441525,3.5808525,6.0421963,2.635317,4.128684,3.735968,7.1131835,4.762161,5.0483894,6.3436546,3.6231096,6.328258,2.853548,7.6192827,5.073826,6.091274,5.122331,4.9594073,4.0391545,2.6394842,3.0977814,3.948781,3.6694443,4.777444,2.6220143,2.4487228,5.0181746,6.000034,4.4930706,4.5124955,5.5269585,5.1725698,3.8549526,6.6554713,4.199158,4.364913,6.3785305,4.184401,3.0765502,5.8761473,3.5225036,4.748098,5.8132496,1.7215372,5.7220716,5.2551384,6.715137,4.0108194,6.87108,7.062381,2.3844447,4.6133804,4.688323,4.8514547,6.174053,5.2733707,4.6572585,3.2999337,4.7580504,7.08813,6.0702934,5.231851,5.295571,6.0472236,6.095483,3.7347686,4.069869,5.7206492,6.855448,3.6136649,3.7095187,6.3447585,6.525453,5.275313,7.000549,4.978093,4.9302115,4.1028204,4.919488,4.712549,5.285263,5.9387727,5.4039993,4.4073777,5.933658,7.680609,5.652837,7.547013,5.297054,4.3404417,7.9961886,3.8233895,3.4376414,7.1249905
0.59310156,-0.9508877,9.793829,4.002602,8.595431,4.7704425,3.5948477,3.7348108,7.941034,6.7278833,7.7442756,1.6219765,1.2809024,8.208792,7.9750056,8.453471,7.752392,8.553636,7.6207833,2.9373286,5.1389036,6.9576497,5.0338407,5.8059363,4.722242,6.41543,5.234257,5.6625504,4.0168133,6.565794,3.9951267,7.0531073,2.2478478,2.4053085,4.5114913,6.8693047,1.759326,2.771892,5.1915073,6.388463,6.324244,3.9382906,5.5511107,5.057585,5.7002006,4.197424,6.488127,5.6987143,7.325139,8.548951,4.902298,4.772747,6.9332247,3.5880256,6.851137,3.610962,5.50403,5.229559,4.160547,2.1927671,7.278431,3.4383361,4.813447,3.5161295,5.9608088,6.4791784,4.2652135,5.480062,7.0172954,5.18985,5.605634,6.474048,1.822816,4.864469,3.9071739,3.801218,5.64976,4.1520333,7.005952,6.5795145,4.965656,4.98009,3.722103,7.7867675,6.92424,7.2239175,4.332716,7.798747,4.7832146,5.090498,5.319405,2.6922867,3.7648528,5.29509,4.756378,7.1559453,4.616325,4.3335214,6.456888,2.2717648,5.5459733,5.880882,5.9505835,5.872531,5.090636,7.0381837,5.2987695,3.4116242,6.1540875,2.8420362,4.2363176,3.068453,6.7793326,4.60968,4.6471944,6.66214,3.9121797,6.325483,3.1993139,6.9631763,4.4257736,6.52805,5.0107236,5.4005756,4.017033,2.342634,3.3369575,4.943937,4.3410153,4.1099505,2.691099,2.9707868,5.25777,6.014421,4.380152,4.068742,5.3957148,5.2412705,4.17358,6.3345094,4.1500134,4.3132415,5.885966,5.2607245,3.054328,5.8072815,3.674136,4.505526,5.70081,1.7595919,5.912552,5.0106597,7.0552554,4.450736,7.2416897,7.054989,2.0452812,3.8917463,4.470318,4.700405,5.9148664,4.9401813,4.479237,3.2605355,4.702744,6.9102693,5.9343243,5.077046,5.204375,5.809088,6.463339,3.9067688,4.1110525,5.8817105,6.6828246,3.2255762,3.6840956,6.402311,6.174662,5.081067,6.9795575,5.1322546,5.4277277,4.212483,4.961689,4.706341,5.3763967,5.6357923,5.5732894,4.466479,5.94067,7.730483,5.6998143,7.472652,4.7724667,4.347677,8.214283,3.979509,3.3380835,7.094452
-0.11939814,-1.4658617,4.7158165,15.197164,9.042659,6.4753942,5.747121,3.9990053,7.281414,6.756051,4.8004327,0.60095894,1.3877319,8.034214,6.3541694,6.8834314,4.9143167,7.3157144,8.037865,5.9835033,2.5073943,5.931022,5.214835,5.526716,4.346452,5.719899,5.6161737,4.9750996,4.299407,6.050873,4.130374,5.845552,2.05809,1.8300817,4.3852363,6.9554114,2.3318357,6.023696,3.0991392,4.9336476,6.6255455,4.3317695,5.5632987,6.6435657,5.8996997,4.1400833,5.788245,6.072519,6.086874,8.881596,4.688864,4.8400097,6.9508357,4.183195,6.477673,3.534089,5.6349044,5.226706,4.0865464,2.234679,7.077768,3.4561698,5.0606585,3.7864673,5.74292,6.717262,6.999212,4.993285,6.9252152,5.234103,4.5523014,6.0552864,2.285601,5.059702,4.119063,3.4280295,5.107915,3.4650774,6.6034594,6.3019934,4.953991,5.320261,4.0602655,7.8110814,7.502893,6.7414775,3.989786,7.084576,4.7015915,5.2492733,5.9977107,3.047801,3.7291567,5.281876,4.58763,7.0828934,4.888374,4.254951,6.7652073,2.183112,5.9781203,6.3151298,5.634681,5.450187,5.095015,6.8638935,5.089627,4.256322,5.670718,2.5193207,4.1196284,3.6126873,6.927982,4.605508,4.892185,6.737032,3.5756142,6.981565,3.2478287,7.18083,4.901331,5.901412,5.157681,5.599375,4.0133553,2.4495895,3.1436481,4.234543,3.9246116,4.699678,2.471652,2.9399266,5.1488185,6.3689446,4.675761,4.2682605,5.6842685,4.8836927,4.3772244,6.969232,4.578475,4.216738,6.169939,4.1894603,2.6303132,5.637195,3.7174141,4.601002,5.594047,1.8100244,5.761341,4.837601,6.44302,4.0871825,7.151934,6.814069,2.1470683,4.4120336,4.5218835,4.310018,5.9540186,5.070183,4.698313,3.3225849,4.564178,6.9708223,5.9766893,5.121194,5.403437,5.9052815,6.3236313,3.6675434,4.0716925,5.6970816,6.954615,3.417,3.733914,6.421524,6.2459803,5.07004,7.0270224,5.0242944,5.2381115,4.0327353,4.93397,4.6779833,5.306594,5.738919,5.4033146,4.407808,5.8184547,7.733434,5.675164,7.40706,5.4776993,4.767114,8.267774,4.0962152,3.6051238,7.14602
-0.096985,-2.1636078,5.231469,15.911625,9.31475,7.194562,5.258345,4.0042458,7.3536677,6.0804977,4.716748,0.6122929,1.3676463,8.08902,5.81443,5.861929,5.4913573,8.577182,8.998752,7.5497174,3.9487855,4.0847354,3.3310347,5.1914454,4.1230464,5.59648,5.7143025,6.0954037,4.599267,5.4935575,5.0354996,6.3727484,1.9310998,2.7768803,3.8387237,6.85984,1.5249231,5.8494673,4.0895505,5.262105,6.4612083,4.0771365,5.5365644,6.4458175,5.3607063,4.039677,6.3123727,5.9521685,6.5678205,8.689853,4.614198,4.6473722,6.890153,4.256086,6.702722,3.5613537,5.4707565,5.3533125,4.0181623,2.3188052,7.347668,3.4954188,5.0203466,3.7463877,5.482903,6.5473633,7.3322268,5.155581,6.7899427,5.469151,3.983855,5.9658656,2.8028893,5.0133486,4.1226206,3.7980816,5.2002788,3.870045,6.5908904,5.9045396,4.925208,5.380003,4.1613464,7.8644047,7.5713544,7.1964293,4.54065,6.717891,4.698017,5.7788124,6.226612,3.0614254,3.8468585,5.518025,4.4799237,6.9695177,4.9212604,4.1973596,6.8407254,2.2741528,6.180849,6.455789,5.5547953,5.3932014,5.0476856,6.9304967,5.1097,4.360989,6.087472,2.3394578,4.18154,4.0530577,6.9541802,4.6644225,4.8413835,6.89952,3.1760323,6.5881658,3.379015,7.0551977,4.486045,6.1215982,5.20209,5.5618215,4.0008636,2.4779382,3.1409578,4.3605766,3.8819256,4.6560063,2.522384,2.8213685,5.094681,6.2859125,4.6108727,4.2363334,5.628323,5.0006332,4.2286396,6.6971154,4.3499846,4.1824217,6.2371674,4.1947284,2.6234124,5.770616,3.7376487,4.4572372,5.3985267,1.7710373,5.6774874,4.756416,6.5801716,4.144081,7.13398,6.8588724,2.169083,4.264242,4.5289855,4.4208946,5.911942,5.144804,4.6935267,3.3253064,4.483675,6.9597216,5.952937,5.074104,5.376936,5.881587,6.383305,3.7228918,4.115756,5.7756553,6.853757,3.4452796,3.7098813,6.408138,6.2647433,5.055204,6.9590282,5.0090666,5.2622643,4.0150957,4.9689646,4.6636524,5.317589,5.7595086,5.438165,4.292402,5.833952,7.6923227,5.680334,7.2767916,5.586959,4.863305,8.379054,4.096191,3.602906,7.1643653
-0.120998494,-2.5428677,5.189685,16.915134,9.56251,7.5909214,5.4564667,3.994476,7.201718,5.937547,4.2556386,0.74717325,1.4077505,8.112905,5.4191055,5.7655654,5.886847,9.182455,9.015227,7.852226,3.629624,3.774763,1.3547258,5.555717,3.9043417,5.7114778,5.746593,6.511201,4.888794,5.1581874,5.736493,6.7148404,2.1079152,3.5831733,4.717937,7.3051815,1.3774339,4.017409,5.1156783,6.7239757,5.9017377,3.676619,5.0412908,7.0777063,5.497559,3.9816017,6.6860075,6.106533,6.018681,8.503917,4.67574,4.330136,7.115856,4.118868,6.688858,3.5801055,5.505159,5.2726045,4.0699677,2.3188653,7.4182086,3.5283792,5.057277,3.7536032,5.522754,6.5569882,6.640089,5.2738147,6.7897506,5.27553,4.6822257,6.2295003,2.4926612,4.80598,4.1179075,4.2326922,5.1178513,3.4124181,6.604019,5.74792,5.005241,5.5725517,4.1760955,7.667174,7.615233,6.889341,4.769201,6.614703,4.615533,5.877033,6.1335626,3.0764735,3.7796278,5.663195,4.4187284,6.8712945,4.6698275,4.250998,6.919011,2.495906,6.1405306,6.325012,5.6834188,5.6687684,5.1474924,6.9373407,4.9609046,4.5438547,5.843556,2.4509861,4.2371492,3.7751355,6.9059224,4.850015,4.777693,6.4121103,2.719074,6.3478265,3.7237227,7.001927,4.3194194,6.2650547,5.3332996,5.5882707,3.9864013,2.475665,3.1249082,4.386201,3.9422715,4.6275144,2.543206,2.770648,5.014802,6.2409062,4.5526457,4.1517725,5.5807323,5.0356317,4.1140013,6.495898,4.1140347,4.0862913,6.139714,4.1071787,2.4860427,5.809534,3.712612,4.454435,5.2729936,1.7449598,5.6395526,4.801947,6.6175365,4.208332,7.2275953,6.90939,2.2055695,4.1559076,4.512025,4.4901967,5.8449254,5.021567,4.717894,3.3043208,4.5112414,6.999112,5.877788,5.1584873,5.359801,5.9145937,6.388983,3.9599364,4.180653,5.8280935,6.832614,3.4401486,3.7023842,6.3892703,6.2526674,5.0274467,6.889263,5.0448956,5.152567,4.0339766,4.9151645,4.705298,5.2681727,5.7840786,5.4440365,4.2728453,5.8088174,7.6945434,5.782147,7.273872,5.753512,4.7905526,8.375928,4.001002,3.6004817,7.183661
-0.11145776,4.255618,3.0233827,5.036588,6.4018044,1.4088959,4.8489904,3.7626803,7.9781475,9.001876,8.491309,1.7149578,1.1072016,7.983633,9.347574,9.704945,4.0416546,8.519883,8.474012,6.5187345,3.629879,5.551434,5.8535633,8.208797,4.5537696,5.4317203,7.212196,4.8363314,4.0986495,5.7822504,5.3010488,6.0992966,2.316926,1.8905249,4.2645288,7.049897,1.4778013,6.695124,4.510513,6.7205186,6.5962663,4.8501134,5.836863,3.9146438,7.6898537,4.1252737,5.8549995,9.132935,5.045988,7.840199,5.3663616,4.16118,7.413379,3.791249,6.924745,3.61418,5.4136353,5.1497746,4.035426,1.9910012,6.3468122,2.9321861,4.621222,3.5980487,5.061364,6.682088,5.4595103,5.860999,7.0960755,5.065674,5.445241,6.4421906,1.4917653,5.9198914,3.9399242,3.4968188,4.7454658,4.075611,6.9818683,6.6610627,4.6191278,5.122757,4.160323,7.759404,7.3566585,6.930224,4.393539,7.355049,4.774201,5.0604,6.0286455,3.182178,3.3000636,4.6864076,4.826597,7.1282644,4.7615047,4.514977,6.417342,2.479658,6.0143905,5.9501014,6.0248,5.101972,4.973807,6.724866,5.6512074,3.8038936,6.0489373,2.4858613,4.0786448,4.457504,7.3273416,4.994815,4.896656,5.8564744,3.6577559,7.114316,3.5492172,6.910102,4.5442586,5.947219,5.29807,5.313155,4.1276264,2.43089,3.0180442,4.704226,3.8378096,4.7629876,2.5342138,2.086816,5.867085,6.6079993,4.876688,4.212491,5.782528,4.7852354,4.387295,6.94121,4.594635,4.1855025,6.240819,4.1736765,2.8741584,5.7061834,3.9067092,4.637598,5.7812624,1.8643824,5.9328265,5.4821315,6.5863214,3.8243058,6.985345,7.468225,2.378556,4.2042336,4.405125,4.439877,6.210283,4.770372,4.596183,3.101619,4.7649016,7.1887107,5.949778,5.3476768,5.405111,6.110185,6.026989,3.9559574,4.304689,5.9245305,6.6242566,3.750472,3.7602983,6.3712335,6.6821938,5.173634,6.9924307,5.0262823,4.89445,4.188707,4.8165846,4.7600913,5.4180446,5.9340963,5.516823,4.9363675,6.152324,7.7130017,5.7648826,7.8345575,4.9325857,4.268258,7.7911634,4.143204,3.4772778,7.167423
1.0151387,-1.3683219,11.974732,0.79697126,9.299364,4.6955314,5.0795884,3.849212,7.8920045,7.0087376,6.7551184,1.492401,1.0466772,8.469916,7.8954315,8.375398,8.100875,7.7119465,7.937924,3.3322055,5.253774,6.785177,4.5475225,5.5326405,4.2025833,6.198925,5.3218465,6.683208,3.2371888,6.599266,2.728862,8.468233,1.7065955,3.1230648,3.9284842,6.720811,1.7635758,4.7330155,4.276706,7.0659065,6.6251554,4.006736,5.512867,5.5501966,5.156145,3.9740758,6.194179,6.218742,6.8032484,8.469142,4.764337,4.584031,6.9027734,3.7261136,6.7998714,3.6570694,5.4293833,5.2033515,4.367984,2.185675,6.925157,3.3444011,4.881588,3.6073806,5.8555036,6.5773582,4.75903,5.488571,6.9234643,5.1538067,5.2968636,6.292619,2.0909522,5.0244803,4.0251827,3.728306,5.5418606,4.043536,6.929963,6.4253445,4.8046746,5.257539,3.754182,7.7834053,6.9001684,7.0581174,4.357549,7.314636,4.735294,5.491278,5.380358,2.5993438,3.6917758,5.36169,4.9014263,6.727769,4.4919143,4.4027696,6.325482,2.300894,5.952619,6.0011024,5.956709,5.3253474,4.9280653,6.968975,5.3747277,3.4254777,6.1842737,2.722462,4.272965,3.5886626,6.842991,4.666019,4.835299,6.652907,3.3880637,6.401165,3.2190602,6.5851607,4.5855064,6.316332,5.1135592,5.4911036,4.0038214,2.3484035,3.2240543,4.92841,4.123669,4.40391,2.5787268,3.0021005,5.1373553,6.300054,4.5084176,3.80681,5.2563214,5.4834085,3.9663448,6.713688,4.35802,4.243758,6.1257935,4.8541346,2.9608438,5.7101297,3.721914,4.445888,5.695759,1.7453483,5.997954,4.743533,6.8272257,4.365093,7.257621,7.210152,2.0035884,4.1802697,4.4448795,4.74518,5.8654876,4.86214,4.408182,3.3022928,4.6905155,6.9875894,5.9326863,5.081129,5.1625853,5.868313,6.37825,3.883328,4.03374,5.9707828,6.758056,3.4320457,3.6209812,6.383864,6.362465,5.118846,6.982185,5.1433444,5.3459606,4.267034,4.9735465,4.6911063,5.3439183,5.719839,5.5493264,4.391556,5.8551674,7.673621,5.6616526,7.4255247,4.8093667,4.4723454,8.233989,3.959606,3.4255261,7.1233945
-0.09488583,0.3967587,4.477011,11.471689,8.075516,4.726795,5.250584,3.9157605,7.5617285,7.6389313,6.257932,1.00703,1.2689134,7.964094,7.472884,8.21517,4.524906,6.7493057,7.3404903,4.204721,2.5828152,7.068343,6.779661,5.9158072,4.7822604,5.996914,5.438572,3.7997525,4.2876325,6.682966,3.522472,5.2734733,2.2714248,1.0923445,4.580201,7.064066,2.627311,5.788776,2.9605954,5.3822937,6.7155313,4.562534,5.5816174,6.1433463,6.311126,4.1297483,5.6859665,6.2431235,5.5634103,8.893401,4.8530293,4.761251,7.1227856,4.0360355,6.2908564,3.4819798,5.8401346,5.0837474,4.1686993,2.0798485,6.6321797,3.33797,5.0577583,3.7584023,6.115714,6.8914304,5.436696,5.1784225,7.1661544,4.8973074,5.5878015,6.384594,1.5442237,5.398951,3.9532645,3.6274898,4.933108,3.5706496,6.794518,6.7697945,4.992119,4.9756074,3.9719903,7.6258464,7.280198,6.6836233,4.050635,7.462306,4.9293337,4.846656,5.458175,3.1405885,3.460311,4.9077473,4.862581,7.3562646,4.7242713,4.3402214,6.5762367,2.1651964,5.658978,6.0291686,5.830265,5.333218,5.080463,6.767818,5.1647887,3.8074734,5.2614055,2.7939692,4.052601,3.180693,6.921001,4.455844,4.943254,6.4453454,4.1697416,7.2667375,3.2411208,7.3668594,5.265762,5.767386,5.1656723,5.511939,4.057822,2.479157,3.2186806,4.122714,3.933788,4.7290726,2.386569,2.8370059,5.206829,6.504207,4.7609363,4.1996117,5.817235,4.723818,4.4502306,7.107377,4.63393,4.2257276,6.0699973,4.210889,2.657965,5.4897,3.740957,4.807522,5.9280577,1.8680913,5.918526,5.0607214,6.373415,3.986652,7.2496295,6.9240813,2.2169473,4.426833,4.481163,4.2833247,6.064184,4.8569155,4.6663866,3.3168244,4.708588,7.033137,5.954976,5.224743,5.3091063,5.9403505,6.203634,3.77194,4.1758795,5.6797147,7.0029626,3.5152888,3.7103024,6.3825893,6.4541354,5.1077933,7.0151334,5.055896,5.029527,4.1383348,4.8907914,4.73988,5.2252517,5.833787,5.5017896,4.4222784,5.8721857,7.759053,5.866635,7.6672707,5.348919,4.52328,7.9504337,3.940223,3.5878978,7.0817947
0.2903484,0.24149516,8.524941,3.8046763,6.788167,4.906075,-0.42716888,4.5102024,8.790336,5.37085,12.240705,0.8805929,1.0282044,9.034599,-0.003802453,10.226052,2.3665328,6.0220585,9.989034,7.629673,7.5366178,9.137329,4.677194,5.7223263,4.608788,6.0947123,5.635027,5.576083,4.500521,5.9253716,4.8107915,6.5828815,2.0295792,2.7289796,4.07549,6.8233523,1.4377499,4.7945075,4.953587,6.039102,6.5862765,4.2747946,5.6091666,5.8456454,5.48087,3.9661613,6.100139,6.2021136,6.586389,8.480661,4.6442885,4.3701143,6.866184,4.1254005,7.0258455,3.3198605,5.6919518,5.2367344,4.3334346,2.2073734,6.7134,3.2844214,4.9131417,3.6177118,5.742405,6.700264,5.2329597,5.529143,6.8062005,4.9799,4.60203,6.222389,2.174337,5.4697523,4.1210303,3.8685236,5.144354,4.405641,6.6422796,6.2075663,4.544828,5.1734605,3.7799983,7.5522485,7.601753,7.0609393,4.91715,7.109037,5.0554814,5.1828446,5.9325256,3.0666475,3.6120155,4.930289,4.9705253,6.9000206,4.9064064,4.36262,6.2687163,2.310777,5.6336875,6.101168,5.8861766,5.4563055,4.9597425,6.9767594,5.8248944,3.2128925,5.910719,2.4699373,4.2068973,3.8982499,6.954175,4.5998254,4.7077065,6.3542886,3.3400295,6.5966845,3.1448956,7.1734805,4.0913267,6.857348,4.780692,5.581886,4.0181575,2.5465832,3.3440685,5.1015644,3.315085,4.7698846,2.5769758,3.1633725,5.108068,6.278972,4.554462,4.200558,5.5707407,4.845467,3.9785252,6.824985,4.260202,4.1551385,6.121813,4.631924,2.807444,5.659682,3.9178843,4.39166,5.865101,1.8648521,5.85786,4.578879,6.787975,3.96898,7.1645074,7.2185717,2.3441842,4.2375836,4.4951034,4.3812966,6.182713,5.2944236,4.054443,3.293007,4.112161,6.967763,5.8335247,4.737546,4.886003,5.8065653,6.3075395,3.9113598,4.300409,6.1379476,6.8057995,3.3040576,3.4428887,6.2928853,6.5688486,4.830452,7.37012,5.2540016,4.1876383,4.322036,5.4005265,4.622664,5.4380355,6.292026,5.414737,4.340949,5.8162374,7.609516,5.571919,7.370115,4.9895844,4.442829,8.330436,3.8887572,3.7528608,6.5124173
0.13456084,-0.13268827,7.0841856,7.6703224,7.663345,4.9032393,2.5131176,3.9047961,8.345318,6.5048523,8.710724,1.1510831,1.1706558,8.009689,7.7004633,7.4292574,5.1512504,6.914036,6.223701,3.6877682,3.4883096,7.0505486,7.2775373,5.117815,5.304973,5.70459,5.561133,4.2266045,4.1735992,7.2792177,3.3376222,5.3098354,2.7157047,0.49188817,4.894609,7.202269,2.6740744,1.2352957,4.4921966,4.9986806,7.5524125,4.9378314,5.932649,6.2140965,1.0118929,2.589415,6.332659,7.9376435,5.853853,8.335936,4.338083,4.0896225,7.7189555,3.0894854,7.3737383,3.2395232,5.8041377,5.2589245,3.8711758,2.185205,6.8589077,3.4590247,4.828659,3.4263306,5.71118,6.8144403,5.270668,5.338297,6.776827,4.6625366,4.8954477,6.208161,1.796424,5.085039,3.8164887,3.7386444,4.6208944,4.1581264,6.7344885,6.20052,4.8112397,4.592672,3.9424248,7.6684594,7.138875,6.858863,4.2104073,7.8628216,5.2198215,5.3638363,5.435102,2.95684,3.7481658,4.860463,4.675563,7.1868963,4.6801624,4.4484973,6.472689,2.2087698,5.6868196,5.9590287,5.8521113,5.5452046,5.039802,6.9612336,5.453012,3.5667655,5.687017,2.7891667,4.1462317,3.3192089,6.7729206,4.519014,4.7999554,6.558816,3.9791052,6.8138337,3.0902977,7.2218633,4.8819184,6.3107524,5.011183,5.4444046,4.02774,2.4539864,3.3720443,4.5984097,3.8296788,4.5900135,2.5977767,3.1478026,5.205749,6.237823,4.6786394,4.2177877,5.5676026,4.9133267,4.042646,6.4994173,4.2980833,4.3199224,6.281609,4.932652,2.7901466,5.7563334,3.8391082,4.5013638,5.782204,1.7941985,5.797932,5.0228167,6.866049,4.1982803,7.27951,6.943259,2.2765217,3.938685,4.4799886,4.531909,5.9119396,5.2116675,4.6266904,3.276566,4.770768,6.927575,5.907093,4.857646,5.2680564,5.8658376,6.3540277,3.8181741,4.363269,5.8603787,6.7009087,3.5869598,3.6681736,6.3857503,6.409082,5.0029445,6.7547956,4.976993,4.9895926,4.1758494,5.105376,4.6294823,5.241599,5.8942924,5.548923,4.279618,5.8371925,7.4962263,5.6482754,7.6274667,5.295291,4.398505,8.199931,3.5880272,3.3979933,7.2950325
-0.114779,-0.113900624,4.167839,13.070526,8.420869,5.248306,5.969994,3.9895053,7.3785343,7.7215004,5.2138596,0.5004281,1.3832124,7.9730797,7.0940123,7.969152,3.998784,5.258386,7.0828733,3.5590076,1.4851906,7.8748827,7.8960032,5.278655,4.6623106,5.9001555,5.294739,3.970458,4.1894436,7.2730317,2.6362102,5.044071,2.2851605,0.95005685,4.8608136,7.370041,2.7683642,7.113233,2.1191125,4.100422,6.483077,4.219063,5.4098897,8.212534,6.1985717,4.233362,4.8756194,5.233635,6.2174983,9.358247,4.180548,5.236146,7.266048,4.1903605,6.6156235,3.6303484,5.2939043,5.0264587,4.330715,2.211371,5.553073,2.8516974,4.655545,3.73187,5.8311167,6.9284163,4.4643373,5.44797,6.91175,5.021538,4.932536,6.2010627,2.1453614,5.3348265,3.9211314,3.7200403,5.160617,3.8517976,6.7914734,6.2436185,5.0134726,5.3337226,4.106705,7.7694497,7.388088,6.8443003,4.1704507,7.215292,4.7824326,5.09683,6.019515,3.0914555,3.681868,5.000904,4.772258,7.1010356,4.764293,4.30014,6.686604,2.114567,5.833885,6.0786138,5.8562703,5.248762,5.031454,6.804636,5.2523074,3.9874306,5.7749496,2.5722737,4.0934944,3.5238276,6.953802,4.6000643,5.023174,6.5475216,3.7010267,7.2879915,3.0784223,7.181465,5.045056,5.949107,5.097744,5.575538,4.0314183,2.473645,3.2085872,4.272866,3.7395658,4.721089,2.498559,2.9045777,5.2074156,6.355269,4.6198955,4.32182,5.6826158,4.893366,4.2599983,6.882685,4.532245,4.317835,6.261402,4.3032866,2.7891035,5.625286,3.573862,4.7136908,5.670942,1.7853589,5.793639,5.0373697,6.3902435,4.0297766,7.137593,6.739912,2.1009853,4.648293,4.5369353,4.094771,6.0843806,4.985878,4.6744146,3.319588,4.71167,7.011686,6.0441904,5.190889,5.358207,5.947883,6.213166,3.654401,3.98647,5.641511,7.0212297,3.4481921,3.6982489,6.4549494,6.3044147,5.1656265,7.1028185,5.0296364,5.1239457,4.043842,4.9090834,4.6990414,5.344144,5.717278,5.440141,4.4918685,5.9046035,7.756098,5.6963305,7.579675,5.184638,4.5454016,8.066353,3.9887023,3.5271366,7.0724506
1.1931244,-1.7238388,12.751109,0.11281619,9.804137,4.8539586,6.2412996,3.980695,7.9104395,7.193293,5.9286547,1.4075826,0.98539543,8.519005,7.810055,8.35261,8.483607,6.6970844,8.149627,4.006148,4.941842,6.400096,4.5083437,5.3656697,3.9945533,5.9414406,5.3978357,6.964178,2.7246306,6.9322643,1.2892382,9.297758,1.5385987,3.14941,3.8160923,6.6830783,2.0303464,5.2743044,3.6038616,7.811577,6.754379,3.973538,5.476748,5.314343,4.8782506,3.9298043,6.1761985,6.3283386,6.6352077,8.399322,4.6880054,4.5603075,6.9580455,3.6524332,6.6946197,3.7226446,5.399232,5.149079,4.3718567,2.1881347,6.890305,3.3245373,4.913214,3.647969,5.8236356,6.6293974,5.0238323,5.4536014,6.89904,5.0947657,5.3226233,6.201864,2.1018014,5.1116557,4.019266,3.9474964,5.3974867,3.848296,6.930626,6.3071427,4.877845,5.2472396,3.8652492,7.7879634,7.084409,7.176283,4.338709,7.505445,4.6834345,5.402828,5.3493824,2.380317,3.8668852,5.668084,5.0792756,6.5104423,4.4527106,4.358427,6.3911257,2.3508437,6.1179795,6.0235724,5.9795766,5.171178,4.895334,6.951964,5.301572,3.387637,6.210814,2.7596114,4.2854967,3.7443612,6.85558,4.8016987,4.680197,6.7553377,3.2483263,6.623722,3.336528,6.783027,4.6636896,6.2119284,5.137837,5.524264,4.0020065,2.349602,3.1861715,4.7676935,4.123807,4.452001,2.5711548,3.1092582,5.2139444,6.3575506,4.504899,3.7057357,5.155072,5.5678515,3.9139242,6.8432136,4.4877443,4.221081,6.12056,4.6742244,2.88531,5.6667647,3.6709359,4.44795,5.706731,1.7257556,6.006378,4.7595286,6.760705,4.326889,7.251168,7.207899,1.904104,4.2502646,4.4252896,4.8037605,5.8870287,4.8570786,4.437686,3.3167434,4.6827307,7.0004673,5.9131036,5.0952644,5.180876,5.925912,6.333552,3.8644986,3.9896007,5.999652,6.8033066,3.502253,3.670917,6.430475,6.430259,5.1051908,7.002972,5.1115885,5.371544,4.2380533,4.979302,4.6812687,5.3453774,5.707802,5.4739637,4.3934026,5.834006,7.6630254,5.68666,7.4064612,4.964767,4.5502896,8.238664,3.9030821,3.4865503,7.1608763
0.18987343,-0.04153684,7.591624,6.5183325,7.50202,4.7900977,1.924036,3.8750007,8.537708,6.3152113,9.132885,1.2805716,1.0364934,8.036864,7.905291,7.1305256,5.3129787,7.1109056,6.658699,3.7049382,3.9678388,6.6614156,6.814937,5.1066375,5.2279115,5.695874,5.6445923,4.584322,4.2327213,6.97376,3.6804194,5.590235,2.6351752,0.8743522,4.800547,7.1243987,2.433583,1.2935973,4.808549,5.21449,7.3568144,4.796546,5.8866153,5.9020033,1.30029,2.6608558,6.1744924,7.8149123,5.838804,8.335674,4.3657665,4.1075773,7.5032983,3.274483,7.3606286,3.2801905,5.7386503,5.3250146,3.9304798,2.1971936,6.9029765,3.4627519,4.8491793,3.4380257,5.6852555,6.783827,5.1701446,5.4167414,6.7514157,4.699923,4.869179,6.2527356,1.8398081,5.159769,3.8493576,3.9160175,4.7659726,4.1570807,6.739856,6.0829988,4.668967,4.7119083,3.9489589,7.6779733,7.198776,6.932202,4.395568,7.7788625,5.2875133,5.4111185,5.4542108,3.0005238,3.736392,4.822716,4.627239,7.1276326,4.64763,4.4810615,6.465789,2.276796,5.8445697,5.938632,5.8812737,5.5214677,5.003203,7.012534,5.613162,3.3513315,5.819305,2.7754304,4.1603866,3.5741158,6.789207,4.4286647,4.8057375,6.6359253,3.70412,6.7784843,3.1194298,7.1312256,4.7503133,6.3994355,4.975166,5.4390883,4.0212674,2.425157,3.3619068,4.739658,3.871395,4.579235,2.5906188,3.1313782,5.198038,6.2653093,4.609646,4.2358537,5.5369487,4.951233,4.04955,6.5142694,4.223724,4.3202715,6.299827,4.938128,2.8131046,5.806382,3.8684587,4.4632053,5.7623115,1.7917705,5.810407,4.942706,6.8556423,4.2284765,7.279455,6.9819984,2.30263,3.955765,4.483388,4.5651383,5.8698516,5.1834006,4.5947313,3.2740674,4.7357564,6.950666,5.9088273,4.8393207,5.2808366,5.873658,6.3650794,3.8201983,4.366192,5.8822827,6.6609993,3.550717,3.651775,6.3998594,6.4233685,5.0166078,6.781378,5.0222607,4.990301,4.2344584,5.1017995,4.6303434,5.2531676,5.891459,5.5697646,4.267482,5.8778067,7.4992623,5.6611295,7.602344,5.249128,4.4215245,8.217408,3.5687637,3.4015877,7.2951703
0.2868021,-0.081377044,8.174192,5.8223567,8.119023,4.6226416,3.072027,3.6787636,7.9800305,6.8304634,8.068919,2.227688,1.038783,8.076949,7.635562,8.956316,7.891203,10.086729,7.2260423,2.6694927,5.1207037,7.57124,2.5301614,6.8059483,4.817615,7.382935,4.944702,4.2448854,4.7862754,7.1911807,7.841257,5.728849,1.8871545,3.2129562,4.0697403,6.9347296,1.7625992,3.8880355,4.8122725,8.189876,6.944561,4.483644,5.5796113,2.2622979,5.707268,4.3665686,7.8404164,2.933735,3.5317235,9.054737,3.557147,5.0222454,6.472229,2.8418152,7.0101533,3.9683216,5.032098,5.3820415,4.217465,2.174933,6.9310436,3.4433956,5.0029655,3.6209233,5.8677864,6.6584992,4.826769,5.486274,6.940776,4.9504786,6.1158357,6.5745106,1.4803287,5.156384,3.907326,4.603415,5.4037557,3.800246,6.843489,6.333901,4.856627,5.022695,3.778122,7.5054955,7.27063,6.5880423,4.7623677,7.230432,4.8788667,5.0014324,5.306951,3.0034504,3.3642023,5.1002955,4.5700617,7.2368627,4.5324435,4.470199,6.3806205,2.2578406,5.75936,5.923884,6.0338,5.366926,4.9011793,7.012914,5.288049,2.9140809,5.7671757,2.8823676,4.3119555,3.5386536,6.8403873,4.6763415,4.2620177,6.7692103,3.5942008,6.284244,3.1934938,6.717455,3.888184,6.32223,4.8461337,5.44007,3.9893363,2.1457627,3.2178268,5.351342,4.904971,4.476414,2.589869,2.8812864,4.7522955,6.347134,4.480262,3.8942227,5.0255966,5.154594,4.2321506,6.2002273,3.9049606,3.8822682,5.4525623,5.146745,2.9423606,5.8550515,3.8195586,4.5491686,5.781481,1.7197977,5.7215695,5.0307508,6.7862825,4.580117,7.6544847,7.11384,2.3672297,4.034405,4.533331,4.7112575,5.5963593,4.703675,4.468051,3.1955853,4.840837,6.9917135,5.9536004,4.895857,5.6287837,6.0898094,6.538319,3.8742247,3.9496167,5.7709346,6.802848,3.2577314,3.718293,6.486997,5.86798,5.090204,7.0690928,5.330308,5.419377,4.618422,4.683347,4.7998357,5.1019645,6.066435,5.7062507,4.568026,5.895828,8.149521,5.7187333,7.527262,4.7581897,4.6794515,8.177852,3.7795877,3.6917453,7.2245936
-0.10082657,0.04763858,4.3019753,12.475595,8.3146515,5.0736976,5.7501416,3.96714,7.4447865,7.7008615,5.5485992,0.64032406,1.3485622,7.9725094,7.233631,8.059698,4.146078,5.6326504,7.145326,3.6858413,1.8041048,7.6826406,7.622786,5.46428,4.6985226,5.922464,5.3363233,3.9108045,4.184781,7.1552525,2.8153129,5.1004405,2.2812626,0.9570285,4.8205366,7.299786,2.764083,6.788589,2.2918775,4.349209,6.5550127,4.3179307,5.467975,7.720443,6.208889,4.2055154,5.0287995,5.490475,6.090243,9.243767,4.330746,5.122626,7.229372,4.1346083,6.5616674,3.600824,5.4065776,5.0384254,4.2995167,2.1804395,5.747505,2.9445398,4.7374954,3.7382827,5.8931246,6.929904,4.6104674,5.398789,6.952754,4.9948845,5.0582414,6.2340136,2.0105138,5.370711,3.9145856,3.7065961,5.1417503,3.840187,6.7870564,6.2973247,5.0120864,5.2778807,4.0818224,7.7514143,7.362448,6.800025,4.134488,7.2833037,4.808631,5.0448503,5.9156475,3.099045,3.638638,4.976029,4.7913785,7.1441584,4.7527614,4.3204722,6.6584983,2.1131616,5.7933726,6.0517874,5.865112,5.253652,5.032428,6.795321,5.263548,3.9274986,5.7163105,2.6121185,4.092079,3.5038376,6.9488873,4.5754123,4.989386,6.5483713,3.7978268,7.2377515,3.1255574,7.2071652,5.0561357,5.9387636,5.108298,5.5590444,4.0364394,2.468968,3.2063854,4.2842994,3.7878907,4.709027,2.4809039,2.8917668,5.2141943,6.3934298,4.649935,4.2945375,5.7011223,4.862986,4.2838197,6.9107785,4.540806,4.2925973,6.233459,4.2884,2.771213,5.614603,3.6203005,4.7190332,5.7216682,1.8000737,5.8129935,5.0430098,6.399431,4.0319834,7.1579204,6.791258,2.1301844,4.593948,4.5298634,4.154716,6.0755134,4.9701085,4.6679225,3.3169374,4.7124133,7.020355,6.027752,5.190256,5.3546333,5.950913,6.2138453,3.672731,4.026054,5.654181,6.997811,3.457711,3.7032971,6.4443655,6.331096,5.1577063,7.0891385,5.041075,5.1087456,4.070877,4.9124284,4.7035866,5.327684,5.733578,5.4571066,4.485539,5.9113684,7.7595935,5.720433,7.5928693,5.1966715,4.5248137,8.046105,3.9887094,3.531446,7.084733
0.3820618,0.55183387,8.339696,3.438267,7.469197,3.944355,2.0222068,3.651134,8.2074175,6.876006,8.947179,1.5708505,0.89785665,8.351188,7.5180874,8.921997,6.9483395,9.072469,7.9186025,3.0359607,5.6552124,7.060119,4.9865603,6.0742097,4.9772744,6.751629,5.280494,5.7374744,5.2926393,5.13697,5.2557197,7.1677833,2.3112237,2.6393359,4.503414,6.903512,0.75416183,3.995751,6.2960973,4.637643,6.481365,4.313525,5.817638,6.3258014,6.419899,4.0869102,6.2234526,6.049754,7.290867,8.802525,4.936519,4.629313,6.7822413,4.1188183,6.980137,3.4634552,5.564142,5.416613,4.1764746,2.1542063,7.1991754,3.3749957,4.7075973,3.4952633,5.860671,6.350532,3.7208803,5.5384345,7.0027857,5.3072286,5.018253,5.859644,2.134279,4.6497955,4.418116,3.027076,6.1557355,5.631911,7.007309,6.991168,3.0268412,4.9611483,3.9242654,7.4266534,7.78194,7.9599733,4.3339424,7.6876945,3.924206,5.6793656,6.15759,4.266812,3.5896237,4.5069327,4.065308,6.810138,4.4303193,4.474124,5.6014194,2.0377834,5.2687373,6.143022,5.7876916,5.273083,4.979018,6.9327483,5.366387,3.369732,5.584449,2.3446112,3.9356768,3.914531,6.9781923,4.3581324,4.568141,6.345416,3.155407,6.6511765,3.5212135,7.3282433,4.2114773,6.2708483,4.9719806,5.481773,4.0232,2.3935173,3.2153828,4.85665,4.0741615,4.741575,2.5311153,2.969807,5.013198,6.465283,4.6534624,4.065369,5.2171745,4.971551,3.9347923,6.415157,4.3014755,4.294542,6.1870213,4.6953664,2.9868054,5.9580235,3.9427967,4.3684464,5.6305737,1.7862958,5.963233,4.55718,6.88894,4.137343,7.260014,7.3732986,2.2726543,4.0832143,4.593648,4.444227,5.9240704,4.9155736,4.412821,3.2701247,4.6270933,7.045892,5.943182,5.006643,5.0058346,5.7815914,6.452416,3.7922142,4.100559,6.053626,6.64972,3.4096935,3.484607,6.381278,6.6178303,5.1766143,7.047326,5.1921015,4.9532113,4.2317743,5.0962873,4.7126894,5.4414167,5.7637563,5.5667624,4.364864,6.017726,7.693499,5.674851,7.443586,4.8649487,4.450568,8.152883,3.8944063,3.5797133,6.634194
-0.1230956,3.027741,3.457841,7.395227,6.8851457,2.3906858,5.1035504,3.8347979,7.8714356,8.602662,7.823823,1.3455694,1.1394385,7.94569,8.775914,9.2992735,4.0929184,7.631194,7.9810963,5.298686,3.378294,6.196635,6.063777,6.8938346,4.7028584,5.645734,5.274228,3.4229176,3.9920592,5.6060824,3.5998785,5.4593716,2.2252326,1.5727931,4.62699,7.0752926,2.102964,6.4479303,3.826195,6.2549334,6.454314,4.869822,5.767284,4.509436,7.650947,4.054284,5.861095,8.564155,4.6662273,8.259794,5.736765,4.170145,6.733102,3.3767095,5.991113,3.4792082,6.309309,5.1765103,4.207146,1.5990024,6.4023147,3.5083609,5.3265715,3.6188962,6.7431993,7.0312076,5.136383,5.2692666,7.3306847,4.7106605,4.9185643,6.348945,1.1832798,6.0433335,3.9479399,3.179967,4.8004575,3.7582154,6.956901,6.499027,4.8301225,5.173947,4.161125,7.719181,7.25489,6.8356204,4.3039455,7.4222507,4.7874804,4.996302,5.9032984,3.1496367,3.437042,4.8255186,4.8897057,7.3521442,4.646008,4.4621053,6.4496455,2.3720896,5.8184357,6.0026083,5.9079337,5.412817,5.0611267,6.84398,5.3905187,3.816265,5.5790844,2.6768916,4.028648,3.7682738,7.091844,4.752126,4.948035,6.1153035,4.1336813,7.1678257,3.4008775,7.2843714,5.190431,5.8379707,5.190298,5.4647436,4.0741606,2.4444664,3.1086857,4.3536024,3.7812314,4.702662,2.3358366,2.559269,5.2995543,6.7235007,4.7673173,4.1844344,5.8237658,4.611498,4.47775,7.201836,4.7559175,4.3169823,6.2231054,4.1438236,2.7837417,5.566741,3.7874653,4.7918024,6.020466,1.8792199,5.9287043,5.4104595,6.3165746,4.010797,7.109561,7.252849,2.3702028,4.5483403,4.511717,4.457525,6.1619086,4.8087344,4.5893908,3.241604,4.81006,7.2673593,5.953422,5.2543497,5.2847414,6.088227,5.9195065,3.8364604,4.262239,5.790257,6.8317633,3.6681204,3.7317543,6.3971267,6.7982163,5.2213697,6.9803123,5.09984,5.026466,4.2363925,4.9103336,4.8096857,5.279385,5.750167,5.510523,4.649001,6.162293,7.91045,5.823022,7.7001553,5.1211066,4.202838,7.878749,4.03255,3.5229867,7.1060247
-0.09280163,-1.8796659,5.1398454,15.43089,9.212878,6.9066324,5.3967695,3.9954562,7.3554273,6.2834396,4.8729186,0.6598469,1.3735317,8.072181,6.053201,6.1700816,5.40185,8.459162,8.876093,7.4277716,3.826134,4.3988247,3.5952516,5.395778,4.1870995,5.6117992,5.6605506,5.6570907,4.444565,5.6338177,4.575101,6.2126455,1.9024109,2.3497396,3.8352406,6.834443,1.7705724,6.4079614,3.6014018,4.891987,6.938742,4.448708,5.7921267,5.921723,5.5423036,4.0877557,5.839809,5.9954047,6.5869656,8.735954,4.6966634,4.747866,6.820511,4.2414503,6.621873,3.5392919,5.554946,5.327286,4.003382,2.2817948,7.3488255,3.516848,5.0696597,3.7875314,5.56375,6.6043153,7.715728,4.973942,6.8657355,5.4735084,4.1055784,5.9054193,2.6668665,5.114721,4.089401,3.5694172,5.268375,3.9440339,6.606756,5.985896,4.894881,5.4189987,4.0554833,7.9798446,7.5785685,6.83924,4.1488767,6.9617825,4.6417317,5.442552,6.3151703,3.0186615,3.8440764,5.3291388,4.477226,7.0173306,5.020372,4.189133,6.780627,2.1906357,6.1415973,6.526161,5.478302,5.3266096,5.0291457,6.9183655,5.1343317,4.3458257,6.0304623,2.3170028,4.1544204,4.073858,6.9586754,4.6056457,4.8257203,7.0875406,3.4329054,6.711038,3.2454438,7.106132,4.6372313,5.9917374,5.1517615,5.567032,4.006144,2.4555297,3.1267233,4.339271,3.9474661,4.682763,2.5014722,2.873201,5.1309476,6.3273425,4.652156,4.256039,5.656839,4.9304895,4.317416,6.850273,4.479277,4.1911044,6.232116,4.1753163,2.6202583,5.738818,3.765172,4.504498,5.498127,1.7969857,5.725365,4.7439218,6.545465,4.10356,7.124457,6.856239,2.1537905,4.2768483,4.536355,4.4201264,5.939492,5.1792064,4.709598,3.3355057,4.489385,6.9424877,5.9808607,5.0533834,5.4138484,5.8771844,6.3899117,3.6103003,4.102101,5.7249823,6.872222,3.4208157,3.7504072,6.4002466,6.2712255,5.0304594,7.010377,4.9981585,5.277632,4.0202985,4.979523,4.65831,5.3102965,5.7843094,5.441742,4.3325047,5.8327537,7.7341657,5.6741085,7.27534,5.6199737,4.8880067,8.348078,4.15821,3.6215897,7.172484
-0.11634428,2.9515135,3.5827672,7.6098456,6.947217,2.4874332,5.1953154,3.8452117,7.8353095,8.573858,7.6617966,1.3396333,1.1624076,7.9443126,8.611909,9.253708,4.206325,7.6170716,7.9103823,5.20587,3.2522843,6.313934,5.866753,6.773291,4.688597,5.732146,5.1746454,3.3757207,4.014328,5.6952825,3.6691747,5.422498,2.1892438,1.5920839,4.562622,7.1024923,2.131709,6.473151,3.6625319,6.2403817,6.510195,4.8877463,5.773831,4.486719,7.5555973,4.043047,5.844437,8.342341,4.5656123,8.2833605,5.7559867,4.1247444,6.756833,3.4620838,5.9704986,3.4693866,6.319374,5.1452255,4.2227426,1.6303618,6.42297,3.4719625,5.321703,3.6695695,6.6945467,7.0111494,5.0626345,5.230316,7.3403077,4.7248516,5.1087008,6.3516064,1.2410876,5.9012384,3.9556177,3.2633302,4.863295,3.755729,6.9252605,6.592058,4.8906326,5.241934,4.2007117,7.6940026,7.253394,6.821421,4.2720222,7.372185,4.8124137,4.9833603,5.958822,3.2158782,3.4783196,4.8771896,4.880462,7.3478894,4.638855,4.3981347,6.4629683,2.3683405,5.822758,6.0423884,5.8974156,5.248919,5.018623,6.7977505,5.2823496,3.7473571,5.613989,2.6911736,4.0535455,3.6357307,7.028067,4.667312,4.9377747,6.2499366,4.051971,7.1638284,3.3860543,7.2700567,5.173304,5.845229,5.1655393,5.466467,4.0761695,2.4439695,3.115135,4.3543277,3.8154233,4.6977987,2.343235,2.555141,5.288685,6.6866107,4.754387,4.1862345,5.8089724,4.6409235,4.46779,7.15824,4.717236,4.291594,6.164681,4.126865,2.777399,5.573301,3.7958686,4.787688,6.0254493,1.8798999,5.915386,5.3595614,6.349342,4.0018563,7.1171284,7.1692324,2.356195,4.548258,4.5217295,4.4925375,6.167374,4.7828426,4.612289,3.2255824,4.765311,7.2304826,5.9591966,5.2824287,5.2877135,6.068289,5.966644,3.8433042,4.211078,5.765584,6.842826,3.6543994,3.723447,6.3755383,6.772397,5.2256193,7.000969,5.11096,5.086942,4.269151,4.910739,4.7947865,5.287395,5.774291,5.5073614,4.6199994,6.139367,7.9110456,5.805466,7.7512207,5.1591916,4.229806,7.8501253,4.051521,3.5223248,7.0987883
-0.11237875,-0.58947545,4.312599,13.88442,8.650595,5.722951,5.944881,4.019694,7.3282576,7.454315,4.8719893,0.3918967,1.4131305,7.99828,6.708023,7.54421,4.136026,5.4001346,7.1544404,3.9840608,1.3807396,7.544279,7.4252987,5.03121,4.5416455,5.823373,5.3520226,4.6128526,4.323809,6.89577,3.2461448,5.3742876,2.2478752,1.5476569,4.732911,7.3396597,2.3350034,6.341804,2.9408953,4.6866927,6.424353,4.0877347,5.3637524,7.808059,5.6038337,4.056685,5.372363,5.3406477,6.3187976,9.027369,4.280924,4.779317,7.290241,4.17169,6.7212863,3.575315,5.371377,5.100661,4.1838403,2.2149463,6.1734858,3.0916083,4.732679,3.6221163,5.7229605,6.711691,5.646778,5.333635,6.8614745,5.0904493,4.430897,6.115284,2.3433597,4.920489,4.2147903,3.315596,4.795519,3.1677814,6.6151066,6.887348,4.889605,5.0265584,4.1416183,7.61488,7.3221292,7.214215,4.2002444,7.1408973,4.790627,5.161742,5.936072,2.9851103,3.7165875,4.9465833,4.716295,6.986347,4.8193436,4.3256145,6.801248,1.9483787,5.755664,5.952337,5.952763,5.2495456,5.033889,6.7981067,5.2893023,4.001463,5.8519917,2.5712695,4.114739,3.5866127,6.9461827,4.608206,5.008097,6.5358458,3.6034067,7.044531,3.1836162,7.195586,4.932315,6.04365,5.137384,5.555946,4.0206213,2.4873788,3.2065854,4.269574,3.7143936,4.718301,2.5436618,2.9336355,5.1466784,6.266173,4.611104,4.3645973,5.627764,4.954408,4.1911182,6.7666078,4.453171,4.3419595,6.316414,4.375969,2.7902393,5.6318116,3.5091228,4.6817126,5.5447984,1.7538576,5.748918,5.018175,6.4510427,4.074479,7.1187806,6.7109127,2.099868,4.6169276,4.555001,4.088516,6.0956564,5.051754,4.689363,3.320226,4.69376,6.9952917,6.047662,5.1749363,5.3546567,5.963172,6.223416,3.7061217,3.9981823,5.6650467,6.988481,3.4602323,3.6873457,6.4176517,6.3009443,5.1329303,7.0305357,5.005319,5.185379,4.025726,4.9182005,4.6800895,5.3372493,5.739751,5.403331,4.4442463,5.824234,7.7167373,5.621633,7.5209055,5.243663,4.607857,8.166148,3.9497104,3.5265837,7.103872
-0.13523039,4.18841,2.767558,6.5078163,6.6610126,2.113062,5.413703,3.9139104,7.9910254,9.538336,7.4152393,1.0622914,1.2847888,7.92111,8.336635,8.774504,2.9282217,4.9074144,8.002366,3.544901,5.2141175,5.0205536,4.7242684,4.6616697,4.3781676,5.7424426,4.3670654,5.430184,4.81783,7.59748,2.814706,4.879875,1.9479039,3.1167922,4.625359,7.2098613,0.13010144,6.9655066,5.6531577,6.5375204,6.318076,3.8807185,5.3408856,6.2581806,5.181443,3.967161,5.5996656,5.751155,6.466485,8.361237,5.0254474,3.6727297,6.1761713,3.400675,7.2887306,3.7468095,5.277267,5.321652,4.2963243,2.145009,7.245476,3.2287898,4.8697624,3.519801,5.733916,7.292956,4.9733233,5.4042535,7.0708404,5.079414,4.6768417,6.2825384,2.153365,5.4806137,3.959172,3.7399604,4.4988494,3.8374712,6.9508734,6.5378823,4.627308,5.2447457,4.1979256,7.690694,7.075647,7.133425,5.4702435,7.373141,4.7020454,4.938928,5.833241,2.7231717,3.390319,3.5052724,4.1693325,6.179336,5.288428,4.110206,6.4976096,2.619092,5.7908287,6.0285726,5.958662,5.0429716,4.8434916,7.058388,5.0841765,3.5308201,6.221351,2.5808034,4.162998,3.667655,7.004794,4.5957847,5.024539,6.443076,3.4917998,6.8511157,3.3899317,7.130633,4.886251,6.207692,5.109922,5.318396,4.0842648,2.45642,3.002828,4.5022573,3.4802144,4.7162385,2.5133655,2.4852223,5.463422,6.537009,4.441526,4.2951393,5.6638885,4.8807993,4.0772357,6.6531963,4.400921,4.3278666,6.327452,4.4288425,2.86668,5.817817,3.6415718,4.6038923,5.725709,1.788684,5.763519,5.302943,6.624705,4.072234,7.038047,7.004363,2.3590505,4.4763627,4.6511827,4.6421514,6.331671,5.0251923,4.670044,3.1877067,4.752981,7.107108,6.103468,5.0858684,5.2344065,6.1966734,5.9684863,3.8523483,3.954147,5.6987815,6.643484,3.5568073,3.6936338,6.3087654,6.6445827,5.239209,6.9513984,5.0456696,5.0279236,4.1088724,4.927782,4.715573,5.35171,5.8924465,5.422687,4.3965955,6.0383053,7.6544137,5.6971846,7.59818,5.2543383,4.279406,7.994371,3.7811344,3.4464197,7.0412545
0.1268384,-0.31194186,6.7439356,8.577614,8.166297,4.9025903,3.7197397,3.7744284,7.990733,7.0593047,6.8441653,1.7273929,1.1166049,7.9423094,7.453253,8.534389,6.6339507,8.693147,7.458971,3.178712,4.493472,6.865336,4.83925,6.273307,4.9966593,6.843312,4.7389736,3.5697138,4.448564,8.416423,4.795991,5.2302356,2.3748856,1.7187766,4.5771403,7.227575,2.267543,3.034218,4.2429357,8.708228,6.6405873,3.962375,5.380155,2.1324692,5.8693547,4.289228,7.1927114,2.0016286,7.528717,7.6255736,4.970734,1.7715031,8.79022,5.7678294,6.158447,3.1343746,6.045115,4.5319185,3.364546,2.3948793,6.259855,2.9163103,4.7022214,3.831238,5.658144,7.3537874,5.1239233,5.270495,6.962746,5.218882,5.3077927,6.2198663,1.7945824,5.0148497,3.8083436,4.470306,5.168486,3.530124,6.9488225,6.2140036,5.0424037,4.949801,4.0599456,7.521365,7.0101743,7.00558,4.5085144,7.334218,4.9192805,4.8199487,5.6710496,2.9101622,3.4221132,4.7880735,4.7666225,7.2437577,4.69979,4.2881565,6.499498,2.257355,5.564917,5.9627314,5.8827,5.3350816,5.006821,6.8320856,5.3496966,3.530883,5.6638465,2.6338897,4.2095976,3.3461845,6.848801,4.482769,4.710784,6.625074,3.6443949,6.4763436,3.4375634,7.198261,4.4910088,6.3009696,5.306323,5.384884,4.0361347,2.5007112,3.2676194,4.4248805,4.227326,4.5337906,2.5797944,2.7478871,5.0014563,6.1749253,4.639757,3.9308863,5.428215,5.0112414,3.9400837,6.2812185,3.8703163,3.9890993,5.871355,4.7089815,2.6786432,5.8735204,3.5786908,4.749351,5.7625456,1.7380848,5.7676544,5.1560993,6.8882885,4.2169905,7.3146977,7.0143595,2.2631528,4.0690913,4.5665355,4.4954557,6.094559,5.124116,4.693173,3.3658185,4.776789,6.956645,5.9919195,5.3295927,5.2719636,5.9940653,6.4259276,3.891468,4.091183,5.734807,6.8317466,3.3284683,3.8003707,6.2962155,6.1714077,5.0158954,7.1032324,5.071412,5.0449414,4.2026095,5.005524,4.678344,5.2530417,5.80505,5.319683,4.366213,5.637136,7.7330995,5.628018,7.4249434,5.272097,4.486011,8.191876,3.9339743,3.491621,7.3180056
0.027366273,-1.0370508,6.314434,11.299601,8.566095,5.860739,3.9344049,3.8219583,7.7556005,6.434137,6.6581163,1.9109912,1.2048745,8.07375,6.941488,7.2802157,6.2764325,9.274503,8.092427,5.2338986,5.0228715,5.0877943,3.6718204,6.1375833,4.65511,6.302749,5.621687,4.7777414,4.5540524,6.492635,5.639493,6.020461,2.1766427,2.1353154,4.181757,6.60372,2.0290737,3.0907278,4.7394724,7.9232388,6.874698,4.4237447,5.320636,5.12137,6.246046,4.317564,6.390549,5.1669602,6.044804,8.588887,4.9378376,4.438253,7.034681,4.2004876,6.483554,3.4770284,5.7342505,5.040795,3.9459324,2.3826618,7.9852705,3.6869006,5.1797523,3.7977586,5.7252097,6.712181,5.777301,5.1902456,7.018283,4.9391203,6.784103,6.536722,1.5955453,4.835035,3.74064,4.9100795,5.338023,3.6788783,6.938577,5.8952904,5.104511,5.21358,3.991835,7.3889427,7.2382946,6.350148,5.0370436,7.360189,4.8805423,4.828337,5.2741117,3.044404,3.2919474,5.014738,4.7087755,7.3540163,4.625658,4.235912,6.6284604,2.330875,5.7468586,6.122902,5.783043,5.293809,5.0303035,6.796942,5.1121945,3.91131,5.513584,2.6706479,4.248287,3.4858823,6.8958545,4.5512495,4.674031,6.556091,3.343929,6.593348,3.4958615,7.0384636,4.377179,6.1776943,5.276431,5.478862,4.0137825,2.392477,3.1648924,4.497219,4.4535985,4.599866,2.5084057,2.8533473,5.030645,6.392185,4.5911975,4.0009828,5.5703745,4.943303,4.2074246,6.54432,4.099882,3.9314559,5.726684,4.4351215,2.490836,5.7600336,3.8063302,4.678732,5.7888436,1.8217067,5.8310304,4.9304557,6.731444,4.2017756,7.4054713,7.0800223,2.2730975,3.9611223,4.502074,4.5555577,5.868503,4.9117327,4.7185297,3.2896886,4.60674,6.9698157,5.8740835,5.221172,5.39423,5.9575043,6.506244,3.8943582,4.182166,5.7376475,6.8258195,3.2356145,3.763799,6.35642,6.100287,4.9707336,7.0800514,5.106887,5.035122,4.199631,4.9597235,4.6872063,5.2143354,5.9442873,5.444213,4.391228,5.720213,7.797415,5.7821217,7.4244285,5.5941243,4.6055174,8.224199,3.9507017,3.5826256,7.265404
0.14688271,-0.6054352,6.9917164,8.590146,8.131642,5.105077,3.3153818,3.8111324,7.986929,6.6416616,7.636573,1.463882,1.0713477,8.091287,7.4867067,8.020257,6.170877,8.477723,7.299946,3.9830499,4.181897,6.3646784,5.659513,5.992083,4.9266596,6.123228,5.42843,4.5417666,4.282084,6.6883407,4.3166814,5.9351144,2.454091,1.5888191,4.815855,6.8768725,2.311659,2.6034107,4.6782975,6.2929955,6.4582324,4.286414,5.538567,5.217264,5.3870463,3.9810977,6.694677,6.4790845,6.379039,8.556453,5.0208716,4.691457,6.8859944,3.8470387,6.570427,3.4699519,5.791711,5.213053,4.259888,2.2160792,7.645787,3.7086377,5.1121964,3.5531566,6.026744,6.6638837,4.912947,5.435005,7.0293,4.9056077,5.357248,6.5037208,1.4336661,5.328571,3.7942922,3.9262998,5.0384974,3.7999098,6.8094864,6.3111696,5.095716,4.9220543,3.7033622,7.7352476,7.1744213,6.752006,4.2908144,7.8069143,4.971454,5.0687795,5.1874967,2.7234697,3.6401672,5.2262473,4.7699447,7.4132266,4.5760756,4.4675794,6.464232,2.2054882,5.557522,5.9906526,5.7892323,6.129168,5.2033362,7.0338554,5.1116424,3.5314815,5.3595157,3.0291684,4.1421795,2.7128818,6.6951175,4.504279,4.75401,6.448156,4.3242636,6.567539,3.3483045,7.370118,4.965387,6.1883335,5.09169,5.3985825,4.033622,2.4245067,3.2970583,4.555354,4.137514,4.4567313,2.5724363,3.134883,5.163695,6.258122,4.7338185,4.127564,5.512695,4.9072976,4.2529583,6.608916,4.354851,4.2713814,5.897873,5.149667,2.7752461,5.562203,3.8098538,4.5551333,5.9582357,1.8408929,5.862259,5.1133957,6.9221416,4.2444663,7.3303757,7.0528555,2.2676861,3.8131738,4.478366,4.491562,5.915974,4.9051056,4.591901,3.2997646,4.6850824,6.891949,5.87492,5.085951,5.196071,5.8212323,6.4479055,3.9416025,4.2369423,5.825189,6.7537713,3.441532,3.6827383,6.372833,6.18601,5.0371165,6.842443,5.0540314,5.134358,4.140725,4.9807997,4.699277,5.2397323,5.7564335,5.557529,4.316894,5.794035,7.61394,5.749715,7.564049,5.1049514,4.351278,8.20396,3.9047368,3.4426615,7.198437
0.11398328,-0.32093656,7.1365294,7.614075,7.455965,5.1978135,1.1143559,3.8765912,8.83922,5.5665684,9.051454,1.1910543,0.73002446,8.107561,7.833632,5.349136,4.7601852,7.858391,9.571012,6.0020695,7.724654,3.26359,7.261067,4.605089,4.5077653,5.670987,5.919592,5.9010086,4.276894,5.8382783,5.3246903,6.151799,1.8269219,2.4409087,2.829793,6.2487855,1.2219793,5.3502812,4.8135214,5.626174,6.4152174,4.1062636,5.6324716,5.6340284,5.0524893,3.8651686,6.396831,6.1748137,6.688482,8.401604,4.6150107,4.3413925,7.0468144,3.9674823,6.864201,3.5602703,5.4773536,5.274659,4.221988,2.2038326,6.865542,3.3666494,4.88944,3.5636404,5.638636,6.635719,6.182343,5.467316,6.8197227,5.35948,3.4523036,6.1281314,2.5881553,5.9101276,4.0482254,4.1136875,5.5523324,4.919586,6.881212,6.078568,5.019555,4.977796,3.9986484,7.6547494,7.235327,7.4790726,5.3182364,7.39948,5.337552,5.6727843,5.405162,3.0467896,3.5668068,4.735238,4.9191113,7.3950152,4.9125175,4.3102765,6.4085307,2.4020288,6.0237346,5.9475913,5.9176555,5.146305,4.9336033,6.9175677,5.593118,3.5498085,6.118481,2.5160785,4.1786513,3.8782563,6.9097586,4.489823,4.9064293,6.620785,3.3262508,6.612202,3.1515114,7.053778,4.1684213,6.6174793,4.877917,5.498514,4.014612,2.5363667,3.2544646,4.4075403,3.6060572,4.632294,2.5741847,3.0124347,5.2715845,6.383907,4.6009216,4.207983,5.6920285,4.9699345,4.2566237,6.698386,4.144943,4.368805,6.606073,4.566003,2.7120483,5.7629423,3.8413343,4.4033012,5.732399,1.8099544,5.7318873,4.7053223,6.8063264,4.1868806,7.128332,7.0905476,2.207361,4.2091775,4.5190506,4.4613004,6.066686,5.338743,4.436359,3.2752242,4.3599358,7.009274,5.9146023,4.800091,5.2685013,5.843822,6.346089,3.758412,4.3134155,5.9114423,6.6078825,3.4953709,3.5948505,6.406114,6.4546824,4.968607,6.9821978,5.1017423,4.7075796,4.3348737,5.1790724,4.6202188,5.348134,5.9124484,5.4528003,4.208808,5.8487754,7.616867,5.6572967,7.4306703,5.3457704,4.538697,8.153848,3.8578854,3.4162517,7.3368564
-0.117043346,-1.8486186,4.8995495,15.686249,9.179702,6.846059,5.535883,4.0105944,7.3052607,6.451393,4.7028003,0.56954926,1.3819107,8.055643,6.112976,6.433842,5.053696,7.6138377,8.313027,6.4407,2.9275963,5.3633666,4.9368463,5.306717,4.2720304,5.6642594,5.7124968,5.4329443,4.389184,5.8592544,4.587381,6.0370626,2.0007792,2.1719363,4.1096206,6.8332872,2.0670047,5.8056374,3.4643128,5.1150365,6.4076257,4.1259885,5.4677997,6.7760158,5.6777554,4.1071754,6.177522,6.0505586,6.2115164,8.824179,4.6323442,4.7696834,6.959148,4.2309675,6.558711,3.545346,5.5691905,5.2862263,4.050172,2.2785757,7.2037587,3.4763072,5.041737,3.772662,5.626593,6.654854,7.1408668,5.0496364,6.8696284,5.3126006,4.3655477,6.0322123,2.4891613,5.021452,4.1226635,3.5795577,5.1396675,3.5756419,6.6059036,6.1679115,4.9642186,5.3109794,4.109357,7.8072906,7.5008507,6.9528103,4.276147,6.94354,4.735213,5.476763,5.9878426,3.0434926,3.7509816,5.391342,4.554295,7.063862,4.874143,4.2501283,6.80873,2.229142,6.040461,6.286379,5.6725087,5.4704204,5.1005764,6.875758,5.0727553,4.2838407,5.7327056,2.5060675,4.1429396,3.6321275,6.9250946,4.6410637,4.886203,6.6452994,3.3481584,6.8656716,3.333828,7.126052,4.7380834,5.992386,5.1784368,5.599346,4.0071607,2.4620502,3.1464353,4.2457533,3.890195,4.682397,2.49888,2.9184322,5.1318355,6.344456,4.6397777,4.255711,5.659228,4.940108,4.3355007,6.8682218,4.5053835,4.21399,6.180713,4.213627,2.615325,5.67234,3.7230458,4.5457654,5.537729,1.8004805,5.7304683,4.8037114,6.4954004,4.1175632,7.149387,6.8321276,2.1552827,4.352556,4.5202084,4.3346605,5.927887,5.090553,4.696871,3.319,4.5271664,6.9622083,5.954935,5.0957184,5.389262,5.8904066,6.351373,3.706731,4.0918865,5.7306924,6.9254036,3.4324844,3.7166286,6.423945,6.2271256,5.0604277,6.9873624,5.0168085,5.2400303,4.0166273,4.9461684,4.6680646,5.3118806,5.7429986,5.394535,4.3787184,5.80474,7.6869884,5.660053,7.3714104,5.5116005,4.7941704,8.3230295,4.073301,3.6004612,7.1567116
0.086626396,-1.2946557,6.82338,10.878347,8.7101755,5.977033,3.89645,3.7993817,7.674917,6.3638515,6.6942773,1.8879418,1.1682051,8.144585,6.946855,7.3726764,6.601321,9.158068,7.8223248,4.5339546,4.5277424,5.522499,2.7581584,6.2888036,4.568552,6.343494,5.6634746,5.259525,4.627061,6.2104,5.700159,6.374674,2.360053,2.6687555,5.096602,6.8977604,2.088869,1.8168161,5.2984753,7.651464,6.000462,3.9250643,5.177418,4.8359923,5.9086213,4.258516,7.064705,5.596792,5.921903,8.613758,4.9350047,4.787275,6.617122,4.104616,6.5623426,3.5648425,5.60779,5.251008,4.2725105,2.4754515,8.689851,3.9367194,5.276551,3.6946433,5.740727,6.566097,4.6123676,5.6417775,6.906652,4.8055744,6.3698874,6.85751,1.3479471,4.752695,3.855624,5.299504,5.151357,3.0075493,6.8415456,5.711684,5.12749,5.4798446,3.9220107,7.2417216,7.345382,6.2926188,5.1031876,6.963008,4.628794,5.4551578,5.5279236,3.043988,3.4280176,5.2715387,4.4215546,7.036385,4.2572374,4.4567413,6.4883547,2.6170163,5.6395507,5.775314,6.155006,5.47356,4.933244,6.9857006,5.184679,3.5481117,5.9167995,2.930296,4.4108887,3.434424,6.873441,4.8307724,4.574264,6.635932,3.6164787,6.4279375,3.204329,6.7621794,4.2546935,6.376657,4.9514265,5.550988,3.9566677,1.9753116,2.9956768,5.2980137,5.2770863,4.7705703,2.7453818,3.4860077,4.813307,6.8380427,4.1354146,4.668424,5.6527267,5.278584,4.028814,6.569915,4.273901,4.273236,5.732247,4.754834,2.758452,6.1590347,3.6934655,4.479514,5.675294,1.7474266,5.7402525,4.86211,6.7600307,4.431924,7.4285655,7.1352053,2.3992133,4.0181623,4.5252266,4.54045,5.682016,4.8488235,4.5813293,3.19144,4.664024,6.9976463,5.8656516,5.0699215,5.451795,5.993013,6.445228,3.96532,4.1702676,5.842208,6.790669,3.299131,3.719214,6.4545684,6.012229,5.0675635,6.949307,5.212321,5.2667317,4.328268,4.8043475,4.7470694,5.1644964,5.8451657,5.559523,4.3999605,5.813874,7.867911,5.7831373,7.422918,5.3161387,4.643119,8.285075,3.8215902,3.624076,7.216415
0.2574336,-0.054209393,8.282102,5.0202456,7.246107,4.810459,1.0171689,3.9368284,8.3949175,6.0166197,9.384901,1.6348256,0.8754162,8.235292,6.40606,8.063351,5.8602653,8.803293,8.081265,2.7815967,3.90428,4.5025043,4.741092,5.6754227,4.5270514,6.1073112,5.6389103,5.327262,4.5177765,5.9626513,5.5285034,6.18841,2.1732225,2.5320346,4.2737365,6.7390633,1.5971833,3.2959666,5.418681,6.476464,6.4293303,4.153695,5.5067654,5.292709,5.244771,3.930074,6.374205,5.954397,6.3358293,8.402903,4.774754,4.7930493,6.393151,4.194981,6.7974377,3.535663,5.468738,5.201602,4.2595396,2.2613163,7.2174683,3.4349713,4.9956756,3.6089332,5.779708,6.6146574,4.6660433,5.7895384,6.8492994,4.998463,5.220823,6.497011,1.8859278,5.61358,4.0985928,4.432047,5.089344,3.89071,6.7085524,5.8317595,4.1852856,5.0527425,3.584531,7.6509995,7.2871366,6.9011893,4.917773,7.0507545,5.266759,4.785155,5.6176963,2.9374917,3.6191704,5.466639,4.81698,7.0686703,4.6361938,4.36631,6.2093616,2.1583238,5.7659473,5.826464,6.223605,5.7121177,4.938962,7.2831955,5.423929,3.2187352,5.9121847,2.6623592,4.339131,3.7816195,6.708063,4.591196,4.7082977,6.4731617,3.617606,6.330119,3.1018791,6.916523,4.080763,6.9065237,4.761971,5.5160317,3.9976015,2.336922,3.3015418,5.2313905,3.9704485,4.584589,2.6295857,3.2131927,5.032461,6.30523,4.484095,4.098545,5.2203083,4.998026,4.14721,6.596221,4.023366,4.0653396,5.6491265,5.1989326,2.93127,5.900089,3.9099104,4.3128295,5.7935286,1.8244864,5.7965775,4.692711,6.7307353,4.2818546,7.375998,7.0419593,2.4578645,4.190395,4.3730392,4.5867014,5.8947377,4.921991,4.3250127,3.3344748,4.43409,6.990652,5.868051,4.9557076,5.3583775,6.0039167,6.3495665,3.8999279,4.150981,5.8888397,6.846718,3.3041728,3.7890012,6.4268613,6.1190066,5.0129385,6.9396534,5.1316442,5.307252,4.2746816,4.879578,4.7395825,5.1890216,5.883541,5.5902786,4.453301,5.8800936,7.782683,5.6657596,7.462344,5.1065793,4.452721,8.224137,3.7490108,3.5091352,7.1842895
0.13949835,0.22512445,7.193515,6.8753147,7.3897333,4.6969943,2.0620124,3.910596,8.5072565,6.471918,9.160758,1.1616701,1.1528007,8.00669,7.751805,7.3316245,4.977421,6.7743626,6.1813025,3.6591763,3.627135,6.972224,7.337982,4.952439,5.4000187,5.632961,5.5798,4.2302804,4.196051,7.2980514,3.2852232,5.2589006,2.772654,0.40557572,4.855498,7.2551813,2.5986109,0.9066274,4.683052,4.8878493,7.743169,5.066448,6.012702,6.2966323,0.28352168,2.3483179,6.3303943,8.266967,5.7692385,8.265925,4.26309,3.9939308,7.814211,2.970214,7.500827,3.1995835,5.8121667,5.276514,3.8260856,2.1767378,6.7786674,3.4299955,4.798089,3.4018314,5.671098,6.82916,5.2635045,5.3595767,6.740224,4.631671,4.808251,6.175873,1.8433107,5.081575,3.823191,3.7475946,4.5724993,4.2961435,6.7171664,6.1300926,4.703984,4.6034484,3.9739094,7.6575537,7.171974,6.8704357,4.3022523,7.8576646,5.299163,5.3627405,5.528674,3.000283,3.7908385,4.7937922,4.675402,7.129869,4.6946573,4.45322,6.45555,2.2421103,5.7496853,5.9484305,5.8633347,5.4700537,5.0079904,6.9737515,5.5551357,3.4833105,5.7603145,2.7499783,4.146487,3.459831,6.773867,4.475265,4.829056,6.601617,3.8870776,6.8231497,3.0842977,7.1925125,4.827954,6.3772955,4.9933367,5.437195,4.0288963,2.4560173,3.3879368,4.652227,3.7472982,4.6232295,2.6012354,3.1586344,5.214244,6.2306623,4.6452155,4.2489896,5.558,4.8811955,4.023367,6.5130982,4.2994394,4.3376865,6.2954354,4.932875,2.8103724,5.7780714,3.8575227,4.4988513,5.783652,1.792121,5.795388,5.008241,6.8780675,4.158371,7.2622623,6.934894,2.2814586,3.9287345,4.482389,4.574419,5.900626,5.253436,4.625964,3.2492318,4.7656546,6.9241314,5.9015536,4.8354216,5.256327,5.866145,6.3424377,3.8102767,4.375643,5.875719,6.6544647,3.5892925,3.6678324,6.3798885,6.4389405,4.996585,6.754876,4.9800224,4.9381375,4.218637,5.13369,4.6170173,5.246909,5.937075,5.566991,4.286174,5.870635,7.452322,5.655348,7.6494064,5.2873583,4.3932076,8.221538,3.481929,3.377125,7.3170924
0.007197155,1.8496466,4.6162457,7.8453565,7.3929186,3.4399743,4.9282713,3.8982046,7.928231,8.470625,7.0226307,0.96754175,1.237608,8.020954,7.890798,8.616321,4.2563605,5.593557,7.31199,2.9083464,3.965219,6.7249665,6.7563677,4.9916797,4.83991,5.993008,4.5989294,4.2981315,4.4702477,7.8215475,2.1286857,5.088491,2.4917223,1.8557663,4.563508,7.7677293,1.2161522,6.0301805,4.6629863,6.224895,6.5311985,4.0405602,5.4657035,5.91368,5.347347,3.8307843,5.8480353,4.8635454,7.088982,8.340157,4.6582656,3.7307193,7.426072,4.1316347,6.953729,3.543327,5.355662,5.0613785,4.253847,1.971688,6.160975,3.1817038,4.754042,3.3167737,6.108661,6.294355,5.0271225,5.677936,7.147077,4.973712,4.6036716,6.266826,2.0195913,5.344662,3.85887,3.606398,4.572318,3.9895546,7.117059,7.323227,4.911607,4.9481564,3.934792,7.8342056,7.0510864,7.230271,4.6780806,7.8183565,4.849778,4.866153,6.3206315,2.6522882,3.8493726,4.170741,4.9862356,7.1644707,4.589481,4.356284,6.5484133,2.1149702,5.467788,5.9273515,5.8998704,5.5391293,5.0009127,7.063575,5.36176,3.5648806,6.109565,2.688255,4.082063,3.2186687,6.7983403,4.547396,5.0925035,6.51917,4.3774967,6.5619664,3.1337245,7.5882373,5.1844025,6.3757186,5.176686,5.232308,4.061753,2.6375139,3.3846564,4.244507,3.4459634,4.802804,2.7347538,2.728443,5.069575,5.884652,4.5673785,4.51752,5.4303336,5.1308436,3.5438128,6.188861,3.9149818,4.561557,6.7037826,4.8272734,3.2265055,5.945342,3.0753732,4.8806415,5.623987,1.6157639,5.661914,5.5302243,6.9952893,4.183011,6.918675,6.7709484,2.173293,4.5682044,4.8151455,4.3062825,6.613491,5.5086365,4.7261167,3.4665244,5.0461993,7.046362,6.23585,5.3930345,5.0905128,6.1457963,6.0055723,3.8688717,4.077525,5.651133,6.8488493,3.6860633,3.8107848,6.140633,6.595305,5.1766334,7.0297627,4.979777,5.1023927,4.1147137,4.907882,4.683255,5.2894516,5.8559256,5.2419486,4.2894263,5.596393,7.6964235,5.4927983,7.4911475,5.335315,4.3258824,8.098371,3.8008585,3.4334548,7.2380977
-0.007047824,2.1200883,4.3966894,7.665845,7.301186,3.2655451,5.0069313,3.9020894,7.9350414,8.627317,7.049578,0.9521834,1.2488369,8.013489,7.9308324,8.6561,4.1061597,5.416195,7.3358216,2.8354943,4.075566,6.639082,6.669123,4.908607,4.8228045,5.98717,4.528287,4.331801,4.5123434,7.906597,2.0162024,5.0002484,2.4891443,1.9628052,4.533428,7.829447,1.0653806,6.2250295,4.786951,6.298777,6.513285,4.0049286,5.451508,5.914635,5.298941,3.8099632,5.8212447,4.761192,7.1350703,8.296737,4.646989,3.6398318,7.4236994,4.1456656,7.008164,3.5510876,5.3153744,5.0595827,4.2595453,1.9589177,6.1473136,3.1741831,4.7398095,3.2845883,6.10316,6.2437086,5.029273,5.7131004,7.1555405,4.9774466,4.5632296,6.259718,2.0686157,5.332734,3.8627567,3.6180832,4.5334063,3.99722,7.1477466,7.3658333,4.8897147,4.9695187,3.9571252,7.8395734,7.032869,7.252792,4.760471,7.8111386,4.83611,4.8536763,6.424698,2.6533043,3.8597,4.080451,4.9897823,7.1416,4.576545,4.342233,6.551832,2.1312864,5.484329,5.9300265,5.9112415,5.486365,4.978543,7.0759163,5.360299,3.550976,6.166107,2.6660035,4.0850444,3.254929,6.811503,4.5513616,5.1058483,6.513353,4.334022,6.54661,3.130812,7.5830326,5.171363,6.3835874,5.1852007,5.2136416,4.0631843,2.64318,3.3826208,4.233291,3.4298134,4.8135757,2.7457275,2.7022016,5.0696745,5.8682866,4.5482154,4.534837,5.42459,5.1451464,3.5244114,6.162853,3.8931448,4.569152,6.716661,4.825255,3.2419827,5.9619417,3.0538068,4.8860803,5.611209,1.6086864,5.650871,5.547522,6.998481,4.178267,6.899064,6.7646394,2.1778162,4.5845194,4.828875,4.3168035,6.6418376,5.5229583,4.734143,3.4602997,5.053271,7.0498123,6.249692,5.399521,5.0860753,6.1648154,5.9829,3.8782003,4.0617857,5.6430798,6.8398604,3.697619,3.8156638,6.1291385,6.6107407,5.18312,7.0341554,4.9747105,5.112461,4.1164446,4.9037714,4.683775,5.293148,5.8689137,5.2299266,4.294836,5.595904,7.699706,5.4799957,7.489317,5.3531857,4.3198504,8.091683,3.7911692,3.4266148,7.232454
-0.00071919255,2.0767982,4.4659777,7.6475134,7.31607,3.2924013,4.978686,3.9005682,7.9415445,8.600484,7.0589895,0.9558688,1.2454705,8.014414,7.928415,8.655342,4.1447306,5.439133,7.321514,2.8251758,4.0641494,6.6677527,6.7069683,4.9035373,4.83426,5.997572,4.528392,4.31822,4.5051875,7.941135,1.9838841,4.999028,2.4917595,1.933998,4.548422,7.826088,1.0895346,6.1523857,4.7742896,6.305785,6.522977,3.9982688,5.451007,5.8873086,5.284827,3.8093169,5.8339243,4.684542,7.181712,8.271092,4.6518793,3.5842884,7.437956,4.152736,7.019697,3.5504506,5.3130636,5.054297,4.2547646,1.9608884,6.1312957,3.167765,4.7381706,3.289229,6.1050267,6.229936,5.0274706,5.7129292,7.148257,4.9829426,4.552629,6.25437,2.0682914,5.330921,3.856583,3.616156,4.538857,4.00956,7.1470222,7.362221,4.8951235,4.966189,3.9547782,7.8421483,7.0310893,7.260822,4.7364235,7.82296,4.842496,4.8531246,6.4141536,2.6423783,3.865378,4.093979,4.9942107,7.1468935,4.5780516,4.344794,6.5488954,2.119816,5.469939,5.9235473,5.91062,5.5019016,4.9828606,7.075716,5.3712206,3.5516756,6.1716986,2.6686397,4.0844717,3.2450328,6.8042126,4.549242,5.1082673,6.523516,4.358132,6.529376,3.123167,7.5978208,5.178739,6.40179,5.1855454,5.207919,4.0634623,2.6484385,3.3876848,4.234181,3.4191253,4.817287,2.755006,2.705274,5.0662723,5.8477955,4.548321,4.541896,5.415281,5.1532793,3.4968548,6.1385074,3.8710272,4.5764523,6.7328496,4.843656,3.2595687,5.974692,3.032497,4.892777,5.607031,1.6021845,5.6461787,5.56264,7.018354,4.18526,6.892934,6.75715,2.1739264,4.5925636,4.8401546,4.3130484,6.656782,5.54391,4.734981,3.4683099,5.067028,7.0488024,6.2561965,5.4094286,5.082108,6.166662,5.980982,3.8770015,4.0631795,5.6418777,6.842734,3.7009635,3.8203778,6.123657,6.6074615,5.1869125,7.0359755,4.9734335,5.1070356,4.112145,4.905155,4.6806355,5.29314,5.8704762,5.222466,4.287294,5.5824046,7.6998763,5.470595,7.483431,5.3627205,4.3180757,8.095775,3.791846,3.4250772,7.2408457
0.31558803,0.7957029,8.4534445,3.2964005,7.115237,4.0897326,1.4156013,4.0995336,8.687633,6.2725253,10.27111,0.9168811,4.680034,7.536602,7.9933524,6.800812,4.5674505,7.6464305,7.7823424,4.9211893,5.688456,4.634269,6.01724,5.0207176,5.005306,5.740742,5.771356,5.3348293,4.3919683,5.93417,4.785332,6.2135725,2.1169481,2.0345304,3.1890137,6.487101,1.3252628,4.285773,5.289272,7.1156435,7.4367237,4.7524366,5.515899,6.7303066,5.289933,3.7809134,5.3246994,6.3267217,5.8275824,8.554169,4.790496,4.253192,7.1313105,3.894501,6.788727,3.51713,5.630028,5.1072164,4.0255723,2.0595212,6.538998,3.1350734,4.9286494,3.8005877,5.9421325,6.5995693,5.2266173,5.449323,7.10267,5.485117,5.1999884,6.490132,2.1669526,5.4659476,4.2098494,3.9290922,5.227654,4.4477277,6.5326405,6.302786,4.8287053,5.0431857,3.857964,7.728781,7.4638104,6.992697,4.870502,6.8611965,5.0856905,5.3108387,5.833564,3.0091424,3.6211836,4.758167,5.028504,7.033105,4.870683,4.110354,6.355856,2.2676277,6.119868,5.9431334,6.0633087,5.1341534,4.843487,7.2863984,5.9618764,3.7783966,6.368263,2.4436486,4.1681333,3.6860716,7.035609,4.066665,4.625162,6.295743,3.5714962,6.72732,3.0546014,7.0680265,3.7440002,6.8620963,4.824656,5.536617,4.027833,2.3935108,3.3368678,4.3407383,3.6011343,4.5695653,2.4793792,2.9406707,5.3590293,6.280304,4.5292516,4.3191304,5.659876,4.940883,4.0912547,6.7844534,4.496291,4.2689176,6.19545,4.471161,2.988283,5.649823,3.7527385,4.456807,5.935663,1.8652447,5.9528923,4.8038015,6.6567245,4.226184,7.1536846,7.1207595,2.2266448,4.2448196,4.4268627,4.6150594,6.1532793,5.07033,4.177117,3.1779325,4.394254,7.088993,5.9378943,4.7927384,5.194116,5.95155,6.2943683,3.9974537,4.274015,5.9197345,6.6296372,3.372549,3.6260066,6.4260907,6.2544127,4.8217545,7.461523,5.2669144,4.541049,4.4648123,5.17027,4.666245,5.3303723,6.128416,5.414373,4.4491386,5.905087,7.8052554,5.641896,7.5805936,5.2435365,4.3241563,8.112783,3.5335875,3.280436,7.4419904
0.29213965,0.526558,8.08339,4.2626104,7.151373,4.107354,1.289943,3.8381605,8.541306,6.5498376,9.647655,1.4582677,0.8392323,8.27551,7.134786,8.398947,5.9159474,8.221871,7.0040183,2.89742,5.137565,5.695791,6.507933,5.294267,5.001749,6.1822567,5.505728,5.7556543,5.0266404,5.2487745,5.376825,6.624023,2.504603,2.654447,5.0756574,7.4685884,0.7697364,3.113646,6.6905546,5.242389,7.250021,4.7386503,6.1045747,5.6104727,5.2235003,3.6782305,7.18166,6.2640033,7.1101966,8.783023,5.229215,4.3191824,5.5968513,5.853192,6.6149154,3.7633061,4.866919,5.3358994,7.5247517,2.2518125,4.799424,3.1111557,5.122167,3.9113147,5.866856,6.823119,5.8719926,5.217346,6.9118257,5.042398,5.2616653,6.444658,2.6512432,5.292825,2.7437017,3.5107594,5.3262815,3.648928,6.5150166,7.05206,4.6360044,5.0889683,3.737363,7.586226,7.4326735,7.2796726,4.7299595,7.2381663,4.8586617,5.2000217,5.4550853,3.1485739,3.4435697,5.130764,4.1403756,7.059223,4.2189045,4.488929,6.3168716,2.3267734,5.620637,5.99353,5.9169707,5.2655096,4.902068,6.9943657,5.5607524,3.3816602,6.1751127,2.5568082,4.2380004,3.7090847,6.8676186,4.9057684,4.5445356,6.4699273,3.5135734,6.648175,3.168336,7.0617146,4.0934033,6.643554,4.9777813,5.4728746,4.0146017,2.3864927,3.3128636,5.22028,3.8465931,4.569218,2.5745192,2.7934554,4.9553127,6.294589,4.5419025,4.2284107,5.6364923,5.0522943,4.068222,6.6106477,4.064328,4.277767,6.3262014,5.0135927,3.019145,5.944223,3.8976264,4.5201373,5.716668,1.7746654,5.9323153,4.5988054,6.9379954,4.2849655,7.3161926,7.301425,2.3881161,4.2100163,4.5702543,4.374187,5.9904876,5.0970144,4.4045715,3.4324672,4.6122317,7.0726705,6.0044856,4.863681,5.239812,5.8996344,6.4826293,3.8308,4.2032,5.933558,6.6642413,3.3623538,3.5693462,6.3639727,6.5994396,5.0825467,6.888007,5.0895925,4.9464607,4.224345,5.096847,4.6658173,5.243163,5.768378,5.980307,4.0173984,6.1399417,7.471118,5.371644,7.6418366,4.831372,4.4052773,8.257724,3.6142864,3.3695295,7.200801
1.0321492,-1.4971282,12.070854,0.8782855,9.411757,4.795257,5.267538,3.8619044,7.88523,7.007882,6.508287,1.4815717,1.0685339,8.425492,7.877949,8.335947,8.257951,7.498301,7.99111,3.503699,5.169176,6.6930346,4.5071645,5.4323277,4.0929065,6.048262,5.402398,6.756516,3.0720415,6.720204,2.2454262,8.737112,1.6701225,3.0913932,3.9357944,6.6930776,1.8968927,4.717348,4.067338,7.3772926,6.609007,3.9529638,5.4780064,5.3565392,5.0436745,3.9640934,6.1729045,6.2833467,6.770299,8.445637,4.7383485,4.6208563,6.899846,3.6782475,6.7701483,3.685213,5.42189,5.219992,4.330524,2.1839244,6.9820676,3.3553634,4.888836,3.612701,5.849611,6.5782013,4.8004246,5.475184,6.920596,5.140291,5.3491535,6.2732925,2.0818777,5.010364,4.044675,3.7661965,5.5430264,3.994215,6.9564767,6.394595,4.8345757,5.3112636,3.7319949,7.802071,6.8372602,7.0437274,4.3372393,7.309318,4.717358,5.5566435,5.3135996,2.4361804,3.7350278,5.4765744,5.019603,6.620649,4.463648,4.4094934,6.329037,2.3045857,6.0340133,6.0077934,5.963854,5.3201413,4.8987,6.950655,5.3366847,3.3988945,6.207774,2.7475994,4.268915,3.6237638,6.842988,4.7294283,4.761622,6.6869273,3.3139372,6.4950595,3.2762675,6.679056,4.621033,6.281332,5.13187,5.50091,4.0029764,2.3477976,3.210373,4.8696113,4.1318393,4.418112,2.576573,3.054951,5.1734834,6.3222094,4.510085,3.7614872,5.211189,5.5213246,3.9475543,6.749605,4.395232,4.230503,6.118229,4.792689,2.9279702,5.677758,3.7034626,4.4416065,5.705595,1.7402089,6.000649,4.7640095,6.809754,4.367943,7.252968,7.194482,1.9873456,4.1810536,4.437951,4.761156,5.862309,4.8560743,4.4206896,3.2950091,4.6793265,6.98851,5.913464,5.084126,5.1762443,5.8841624,6.3565435,3.9037936,4.052168,5.9744744,6.762659,3.4179232,3.634852,6.41567,6.3714614,5.121108,6.9777045,5.137158,5.3770185,4.255749,4.9716434,4.6879997,5.3463807,5.7036457,5.5157323,4.394186,5.850886,7.6619787,5.6747966,7.414955,4.872636,4.499111,8.24318,3.9440274,3.4469306,7.137268
-0.14001861,4.2458935,2.7933109,6.468757,6.565193,2.0069268,5.3835864,3.9137712,8.008955,9.568714,7.4779325,1.1069674,1.2726363,7.8810806,8.431678,8.831781,2.801431,4.8712215,8.091969,3.5633287,5.4650755,4.8116636,4.4484406,4.715992,4.3240137,5.6922774,4.282076,5.5629344,4.8118997,7.4861393,3.0706851,4.9556136,1.8578795,3.1288557,4.7908487,6.9893374,0.07863577,6.910797,5.70261,6.503329,6.306022,3.8611238,5.3275743,6.2806754,5.241869,4.036592,5.583297,5.933623,6.374566,8.368749,5.1548743,3.6605487,5.92181,3.2340047,7.3368373,3.7907333,5.279394,5.357364,4.2892995,2.1559002,7.374872,3.2474391,4.901657,3.5333045,5.715992,7.534632,4.9588385,5.3501053,7.056165,5.105292,4.7085385,6.2917843,2.106216,5.5886755,3.9595768,3.7430313,4.51813,3.7952626,6.8550744,6.1917195,4.561942,5.205075,4.195704,7.6467385,7.0769196,7.143518,5.665187,7.260875,4.651276,4.956783,5.3835735,2.6225834,3.2441497,3.2238917,3.7676013,5.7022743,5.6921754,3.9987776,6.479255,2.7427576,5.769429,6.0514383,5.9429107,5.020234,4.831182,7.0723667,4.9853983,3.5089028,6.223173,2.6076944,4.170765,3.6193879,6.9885983,4.5410643,5.00838,6.4798946,3.4745052,6.9380074,3.471927,7.060452,4.868261,6.2212415,5.0922003,5.3524804,4.086376,2.4192698,2.9193506,4.5828695,3.4550421,4.6925187,2.4834044,2.480425,5.517828,6.623351,4.4386954,4.2748075,5.689606,4.8413363,4.14867,6.72164,4.4719057,4.306298,6.2978544,4.3952756,2.7978609,5.789362,3.7319012,4.5657263,5.745242,1.8173572,5.7888002,5.281,6.577962,4.069006,7.0732255,7.053254,2.3849347,4.4490895,4.6318536,4.6705217,6.296522,4.9620557,4.6578903,3.1660845,4.7230144,7.1247926,6.085372,5.031186,5.2451425,6.214355,5.9516435,3.8530548,3.9446054,5.697133,6.605384,3.5457108,3.688453,6.335715,6.650377,5.2693357,6.9315047,5.081484,4.9933047,4.095298,4.93502,4.714487,5.387501,5.8716574,5.4561424,4.3997946,6.097755,7.6465354,5.7237062,7.61063,5.2396984,4.240025,7.9894977,3.807882,3.4594154,7.0274653
-0.1100492,-0.78161466,4.437572,14.095115,8.725501,5.8735185,5.871005,4.014364,7.322654,7.29764,4.8825054,0.4379415,1.40352,8.003203,6.656225,7.443702,4.305795,5.7692327,7.2568192,4.317038,1.461982,7.360255,7.149266,5.1413445,4.5235567,5.8123503,5.4231496,4.6433487,4.3079033,6.738277,3.434504,5.4630737,2.2228785,1.5569683,4.7083163,7.2582912,2.397779,6.154269,2.9415667,4.733405,6.4534187,4.1369157,5.3910713,7.6248245,5.6512833,4.0664225,5.4561105,5.522375,6.2285776,9.004911,4.3575535,4.8023047,7.234254,4.151096,6.6697164,3.5655951,5.433602,5.12036,4.1671505,2.219906,6.3380184,3.1577346,4.795437,3.6591227,5.73315,6.723066,5.830831,5.2741723,6.869375,5.1005616,4.489872,6.1206026,2.297518,4.9432244,4.200814,3.333927,4.8449116,3.1892188,6.60075,6.7859344,4.906139,5.0652833,4.1262245,7.6330585,7.353776,7.121804,4.1330814,7.136102,4.785431,5.180795,5.8914056,3.0010457,3.705592,5.032795,4.694971,7.010048,4.8233905,4.325388,6.7924266,1.9825456,5.7815285,5.986272,5.919265,5.298077,5.052895,6.7981353,5.26296,4.03866,5.7894063,2.581689,4.114761,3.5647194,6.940335,4.6086574,4.981632,6.5404334,3.6049118,7.0407763,3.2099133,7.193812,4.9370937,6.0187163,5.1404743,5.5702763,4.020057,2.4775915,3.1978338,4.2693925,3.7553976,4.709137,2.5271013,2.9365811,5.150066,6.2945857,4.6272416,4.341701,5.6383224,4.936956,4.234713,6.8097386,4.482878,4.317518,6.2776036,4.3514566,2.7600749,5.6206994,3.5535777,4.667674,5.570552,1.7681117,5.7566547,4.990757,6.446087,4.079015,7.1345778,6.7354407,2.1108644,4.5800414,4.5420966,4.1201816,6.0570846,5.0352874,4.6862516,3.3161292,4.6747994,6.9917297,6.027118,5.1643147,5.3646398,5.946847,6.2437735,3.7061484,4.017135,5.673866,6.9899564,3.4518712,3.6896904,6.4272923,6.283009,5.126792,7.024194,5.0095716,5.181329,4.0241475,4.919963,4.681473,5.330247,5.7397423,5.4106693,4.441826,5.828921,7.718477,5.6390276,7.510723,5.2765164,4.6296883,8.180028,3.970364,3.5389056,7.11098
